s,x,y,kappa,vx
0,1.74274895267365,0.744099022194147,0.047987461508361,2.32554455858897
0.242502015164945,1.98410009228485,0.76688691866406,-0.0364897167230547,2.51469828436852
0.501967166998764,2.24257737598204,0.794124581411592,-0.104697661823891,2.66437978455622
0.773709745747862,2.51381404777051,0.820228179219157,-0.134855207096735,2.77588613742778
1.05600594143698,2.79608342228255,0.839583759813754,-0.128090430461389,2.8742632210944
1.34755410799302,3.08783817022463,0.848769169489585,-0.095116219655036,2.96251582696335
1.64749214710988,3.38788696997334,0.847296324526997,-0.05180783079204,3.04261653397198
1.95519529095202,3.69538726627154,0.837223348031688,-0.0150315034870627,3.11534057160342
2.26978068664976,4.00944165366694,0.822029024372848,0.00489342530422196,3.1800520731938
2.59048450210067,4.32944589298624,0.805059071782465,0.00872059046936436,3.2342911155514
2.91622143898848,4.65452248995112,0.78832334536178,-0.0029044722233924,3.27807326053247
3.24591037150943,4.98372623344661,0.772300356275034,-0.0219564321543911,3.31367127380578
3.57897602695799,5.31645113777898,0.755790093745777,-0.0398332892594395,3.34673445457672
3.91531542209977,5.65242215991705,0.736679065547063,-0.0598270316467212,3.38048369975389
4.25484280339136,5.99130333041683,0.712884415904089,-0.0657258940640212,3.41017618087492
4.5968726527563,6.33206334948166,0.682036406851344,-0.0666186129383728,3.42988998089977
4.94013271308198,6.67321684731688,0.643426848944339,-0.0718977065888014,3.43400139702101
5.28283983719469,7.01281813245225,0.597090067659295,-0.0761871390764444,3.41939844997648
5.62315117079306,7.34878176217596,0.542725100588096,-0.0848885190746455,3.38557546927472
5.95913122392814,7.6789350187747,0.480361031440515,-0.0992791911020695,3.3326420271899
6.28895042893677,8.00112674636655,0.409748277480458,-0.110151515529807,3.26229623676212
6.6109578943939,8.31321042011512,0.330293537758054,-0.12216416336908,3.17707562930853
6.92386349633643,8.61346127483828,0.242063212234593,-0.132640797597213,3.08136188764416
7.22690041050328,8.90064211477983,0.145203548686419,-0.14229968007355,2.98107361253849
7.5200537427164,9.1743202861281,0.0400400382354756,-0.153926367726234,2.88567671901542
7.80445923441923,9.43518777682237,-0.0733047739661272,-0.168158499628358,2.80945627055731
8.08254610005013,9.68504667929424,-0.195443541275875,-0.17771131152312,2.76094316198539
8.35687891349543,9.92552662906647,-0.327475038704884,-0.192140308556925,2.73614560165358
8.62956556611296,10.1578349810885,-0.470278415550805,-0.214523279175014,2.72693804325191
8.90309681314118,10.3830613452012,-0.625499526954596,-0.238132626656419,2.75678925268828
9.18326375017108,10.6042457702713,-0.797428358585469,-0.252831341137954,2.86131626186399
9.47737437879196,10.8244900642086,-0.992297605266788,-0.277382571377995,3.02882695825828
9.78993985518897,11.043456467468,-1.21523140144276,-0.289533126717138,3.22596056688321
10.12167628612,11.2557437285106,-1.4700179118894,-0.314824943977839,3.40822581669778
10.4690610435329,11.4526037737497,-1.75603459528211,-0.331698062440071,3.53603452295682
10.8259369740059,11.6223507883893,-2.06960318260254,-0.366856894286757,3.59716948988283
11.1856717607008,11.7550693765122,-2.40335533859549,-0.379993167447402,3.5897569319284
11.5420285084616,11.8412233768274,-2.74808752140581,-0.424862360499558,3.5220491706886
11.8900398893228,11.8778488727984,-3.09252414002515,-0.440237207113214,3.41170776214698
12.2264930012932,11.8620856341012,-3.42636005342985,-0.438004112228256,3.28077600362477
12.5500722281583,11.7980050660431,-3.74093008517092,-0.440923609212439,3.15024398218199
12.8606685581551,11.6927226246385,-4.03161208238685,-0.462816017077942,3.03687415106338
13.159334842289,11.5523584912164,-4.29539925283842,-0.428112891609171,2.95021534154333
13.4500821929596,11.380299003773,-4.53078352851004,-0.380699827536672,2.89290281809497
13.7365711175303,11.1827081762406,-4.7394239290872,-0.331338015649836,2.86541543373991
14.0219977987808,10.9643914706658,-4.92423276737452,-0.284225254061882,2.86636620380106
14.3090110591037,10.7286026943872,-5.08831425334537,-0.24484728007349,2.88800570338634
14.5990974209419,10.4779186488567,-5.2341871048026,-0.216935317304759,2.9187713287033
14.8925434076974,10.2147561247346,-5.3634909468801,-0.199651502807214,2.94895614530747
15.1888252682852,9.94134403942165,-5.47705032599459,-0.187671361236034,2.97305221650421
15.4871901768059,9.6597152580889,-5.5750736262793,-0.176046178711702,2.99139774496698
15.7871378825014,9.37142360436719,-5.65774566849428,-0.161427981552826,3.0063570308898
16.0883691263084,9.07789572868524,-5.72544627722412,-0.142086419790794,3.01832451057091
16.3905764313537,8.78043961891091,-5.77902004231222,-0.120452674990926,3.02612399431226
16.6932456817068,8.48051265759579,-5.81985034989595,-0.0993631166551194,3.02689755937167
16.995514736208,8.17973215178292,-5.84965878749201,-0.0796902107936087,3.01752035502687
17.2962520606334,7.87967982298847,-5.87027302974624,-0.0617651403034089,2.9957591264073
17.5941197255928,7.58215287757083,-5.88348829540525,-0.0450956995432078,2.95950981521075
17.8875756107886,7.28873597926038,-5.89103722542584,-0.0273699150978996,2.90722933912753
18.1750218128102,7.00136544491223,-5.89454429572144,-0.00969527669679663,2.83981505254563
18.4550100355661,6.72133767402699,-5.89570099243746,0.00768552693399486,2.75778415164436
18.7260499587938,6.45030129883921,-5.89606026890847,0.0272756541341244,2.6610220031401
18.986691071081,6.18969993521277,-5.89697029889271,0.0426498665216113,2.54958387652752
19.235527849245,5.94086050166357,-5.89969166307582,0.060750552276444,2.42580827404081
19.4715396993719,5.70490297869417,-5.90491354668011,0.0778263041280827,2.29331706081652
19.6939850690483,5.48262325976088,-5.91321756215706,0.0906474856236321,2.15517168811067
19.9024955384034,5.27445327339579,-5.92484777663695,0.107439848571724,2.01493819979588
20.09687601617,5.08064805765812,-5.93962203970922,0.124653411609833,1.87922271075893
20.2783639149542,4.90005209260315,-5.95746004724427,0.128057939198496,1.7521231509164
20.4475624503681,4.73213979722653,-5.97817045031655,0.151900653079369,1.63302145611722
20.6052480174628,4.57614520243412,-6.00110415424232,0.147103715429123,1.52159864166766
20.7521314216314,4.43143340152863,-6.02619598942428,0.18875348347748,1.41655816605787
20.8887454071072,4.29741686433899,-6.05265389094859,0.172218687891505,1.31560849013063
21.0154003160252,4.17390190616703,-6.08062875276659,0.186994470368084,1.21719268375016
21.1323846009206,4.06046089722671,-6.1091540645674,0.19679774186992,1.12612205655056
21.2407821010723,3.95600154762212,-6.13805910401895,0.204805703765959,1.04111253531002
21.3407378750618,3.86032309923354,-6.16693308113537,0.207526603653609,0.957446050872498
21.4325599335165,3.77304382440009,-6.19540907762262,0.197006217424251,0.881439088190127
21.5171794774271,3.693171591624,-6.22330832223966,0.271260329787927,0.809088292747917
21.5944859695169,3.62068339065817,-6.25012204631933,0.227358757278581,0.736862911645557
21.6649498275516,3.55518079030354,-6.27607944651316,0.118052605034564,0.674635447390574
21.7293305228302,3.49577121896019,-6.30083638681854,0.406088935513838,0.608092483899775
21.786462250194,3.44324203122621,-6.32325594134679,-1.66053649746124,0.535243405308674
21.8368917502486,3.3974041806721,-6.34425986725075,2.61304835346902,0.474843250941145
21.881900331404,3.35481664588821,-6.3591307963181,1.5602933231765,0.422943216722567
21.9231962187138,3.31785918504512,-6.37766776907191,-1.8438333684537,0.398443598191023
21.9629495850431,3.28340934875385,-6.39793096931357,1.34904684881834,0.396531921862554
22.003520116394,3.24705193093621,-6.41589915611488,-0.597739308825648,0.413346826585556
22.0460880831922,3.2098768817489,-6.43674640026238,1.40652869929936,0.43465534375403
22.0904782240172,3.17064672372497,-6.4575011865467,-0.947063690948956,0.447696342962804
22.1354686737024,3.13220099558192,-6.48097534154708,1.45763946244986,0.447216057404352
22.1798868704275,3.09335827759596,-6.50244029938393,-1.02202548223448,0.437328040214364
22.2232699059747,3.05682483391146,-6.52590913190556,1.4617799695624,0.42765794105234
22.2659015857066,3.01998433994581,-6.54728485259075,-0.802165281888013,0.42237408290361
22.3081706893417,2.98481550432519,-6.5707565802122,1.26444779447895,0.420239686129074
22.350717249557,2.9486984728982,-6.59313699320267,-0.25856843743687,0.431747748451046
22.3952549402173,2.91209347907806,-6.61850525413617,0.812577111215874,0.453870985296142
22.4416120771068,2.87373862483809,-6.6444622299069,0.0134273989284126,0.469598398061415
22.4892891191698,2.83525225716246,-6.67261267737,0.651454697749892,0.479817562773872
22.5376489974725,2.79628474166674,-6.7011528795382,0.108339356129129,0.484364293949152
22.5863733779667,2.75789919190721,-6.73115073835253,0.639590713688403,0.48641208935532
22.6351171330737,2.71968327711691,-6.76134235676863,0.0871621099100984,0.485877596540912
22.6838376965207,2.6824032283172,-6.79272803969083,0.696169319924077,0.485176322069314
22.7323773240541,2.64544567795584,-6.82411280293152,0.0490880959172974,0.483285255459187
22.7808172490481,2.609603120668,-6.85669780489881,0.765425617448211,0.482178328917534
22.8290605928899,2.57401753820065,-6.88920485549015,0.000122860744203616,0.480353891073381
22.8772232044006,2.5396712682773,-6.92298812904475,0.814788079401682,0.47948134454201
22.9252139263035,2.50549809091074,-6.95660154731811,-0.0327582126923355,0.477932733433868
22.9735825346874,2.47235479957856,-6.99182792183721,0.720612041392553,0.488437658239301
23.0235625821471,2.4380879203742,-7.02813666851519,0.211885530498596,0.508599640440371
23.0755282963488,2.40374932913838,-7.06713832510543,0.506862668645442,0.526375081483289
23.1289429416117,2.3689182745359,-7.10756514298936,0.455427778335692,0.539471361975702
23.1837386911925,2.33426436189555,-7.14999755065391,0.445570913974514,0.55455805611192
23.240341739673,2.29955887737041,-7.19465410075049,0.500295116858335,0.57772484649034
23.3000040609589,2.26409870482704,-7.24260433031975,0.587278663500396,0.6160885396894
23.364455599179,2.22724179282607,-7.2954358569392,0.575700526568594,0.674555531514434
23.4359122220299,2.18838709808374,-7.35539031829486,0.61104624899114,0.756208251088189
23.516785607243,2.14689980475907,-7.42481015198023,0.696921467448767,0.862505645844583
23.6093767193872,2.10286273007144,-7.50628682143668,0.669248025708639,0.988969675894063
23.7152751217725,2.05773951716105,-7.60234557191266,0.669372949796137,1.12586765591898
23.8349639147732,2.01376452001191,-7.71368925054327,0.734939801737496,1.26114353567932
23.9677246179529,1.97424323572131,-7.83987104040554,0.567089413084717,1.38339469567498
24.1119515432259,1.94350272365181,-7.98100857947869,0.774393507067115,1.4859527673752
24.2654489315859,1.92246736628509,-8.13318554605094,0.60242070553671,1.56802907878107
24.426195119115,1.91883215003126,-8.29295543646287,0.561989204350445,1.63167265086978
24.5926911900063,1.93045635456696,-8.45844614313113,0.760170203149951,1.6797364481441
24.7627597414921,1.95775816119608,-8.62638926704444,0.492248737923936,1.71630210805459
24.936170170208,2.00706443996509,-8.79253883217835,0.578109835703005,1.74615912317339
25.1122637638174,2.071212844269,-8.95673138662167,0.520591938762037,1.77380198110498
25.2910416083229,2.15272424276346,-9.11600016846659,0.463913465258779,1.80225155067408
25.472758463906,2.25010815628364,-9.26970489115191,0.406899224047297,1.83256983511536
25.6575607257069,2.36172196294636,-9.41717035693082,0.360010063167496,1.86272558853748
25.8451871774986,2.48578229475701,-9.55801928841674,0.318565781924733,1.88707239399726
26.0347340299013,2.62030013844879,-9.6915524805078,0.28254087428691,1.89974321699886
26.2248262827545,2.76299636493052,-9.81707786258684,0.250837297483715,1.8975274671662
26.4139015377677,2.91145567801721,-9.93408128808388,0.222871838710402,1.87959994919923
26.6004029068795,3.06328068789365,-10.0423260183364,0.202675909432279,1.84659486537716
26.7828945161981,3.21621807859427,-10.1418473371636,0.16359029528642,1.80011568468496
26.9601431312765,3.36833066831013,-10.2327810385639,0.135591519309606,1.7424998115706
27.1311741041417,3.5176811283862,-10.3160775376924,0.121892813194208,1.67651401965344
27.2952914583363,3.66288927199474,-10.3925235298346,0.0870478439588628,1.60483674860848
27.4520372935194,3.80309610878583,-10.462626944465,0.0742025938849432,1.52946960561885
27.6011114913965,3.93738909591833,-10.5273819838649,0.0477986988325576,1.45165134840179
27.7423100985649,4.06527488694136,-10.587216426912,0.0362279554086188,1.37210361780085
27.8754827903835,4.18629248757268,-10.6427854211426,0.0173473879427354,1.29120829525623
28.000508393409,4.30019366778224,-10.694379762032,0.00151488869777614,1.20920347718368
28.1173489829807,4.40673026665128,-10.7423403710492,-0.0109391860943815,1.13099722674295
28.2267840007903,4.50653406335761,-10.7872473321125,-0.0237128621524799,1.05848678585595
28.3291715579471,4.59985030516092,-10.8293788778516,-0.0339590060311659,0.992492912586636
28.4253256653424,4.68738681516953,-10.8691736638402,-0.043655948229983,0.930484470983835
28.5152687036113,4.76913627161386,-10.906682527305,-0.0555151406728729,0.871447929180659
28.5995382900925,4.84557733087717,-10.9421443272129,-0.0802564698686088,0.812967178916978
28.6776993306641,4.91632403382181,-10.9753990097918,-0.0660700038505033,0.749779425384305
28.7495600662749,4.981137708594,-11.0064067809842,-0.0778965770357088,0.690091558138273
28.8160256886926,5.04094620598905,-11.0353981008866,-0.140392125120499,0.642253234379986
28.8781904704932,5.0967449376009,-11.0628281527854,0.000451313336933602,0.600964358376107
28.936507949636,5.14882267272583,-11.089033780298,0.157258858694551,0.568345968718919
28.9921762848407,5.19854062818445,-11.1140502444499,0.448028062809841,0.54516715082203
29.0456320290053,5.24656828266185,-11.13767087241,-1.26361059198482,0.524812652139779
29.0967550944457,5.29314813563568,-11.1591492174507,0.0975246838103157,0.497356838684896
29.1451168576333,5.33555842288532,-11.1823659184521,-0.294188299596425,0.470651390738216
29.1911239400217,5.37602136948381,-11.2042566816661,-0.0180907741638811,0.450720439821659
29.2355001401987,5.41477610777642,-11.2259312069633,-0.327052383280182,0.436877791340784
29.278741030954,5.4525181038198,-11.2470802010691,-0.049812020741905,0.427867675493008
29.3212659834055,5.48930390762054,-11.2683951000547,-0.186832722739099,0.421898177008641
29.3632579174073,5.52557668757262,-11.2895167949951,-0.197111446085941,0.417070645506187
29.404789580328,5.56129898962529,-11.3106988554963,0.00378428052636535,0.412505157914744
29.4458455328279,5.59645528264077,-11.3319405376687,-0.407642699661302,0.407458025749176
29.4863667104713,5.6311536296284,-11.3528980659178,0.0273999856946195,0.401771389708689
29.5263020201556,5.66496917676584,-11.374104925165,-0.232009604563067,0.395766769416339
29.5656500226983,5.69830987639312,-11.3949624630687,-0.232963809754986,0.390061862223677
29.6044667405128,5.73102450600918,-11.4158516064862,0.0112023229936371,0.385111916650309
29.6428383199016,5.76319175043847,-11.4368076628999,-0.502327707838983,0.381118250786272
29.6808241837532,5.79504459026573,-11.4575391878876,-0.0640584831068786,0.378250060529143
29.7185867037242,5.82627861976945,-11.478733663271,-0.158985317054994,0.376472451606192
29.7562252544108,5.85735551735719,-11.4999318112226,-0.476196146519994,0.375403507114014
29.7937920297919,5.8882511002875,-11.52127862395,-0.0116008585996974,0.374677091725846
29.8312921989024,5.91873000029554,-11.5431537828241,-0.385025805185298,0.374036235910929
29.8687266860472,5.94914444864913,-11.5650027819785,-0.287064780531735,0.373336744032293
29.906086732454,5.979159960569,-11.5872300482394,-0.00468389972205253,0.372518388256119
29.9433570742688,6.0088519045926,-11.6097159998535,-0.625989260817516,0.371571420690529
29.9805250052451,6.03845647369251,-11.6321439323598,-0.076903778766404,0.370510507469416
30.0175823922177,6.0674688762697,-11.6552065864032,-0.133498297298246,0.369358713623387
30.0545232054562,6.09632676067148,-11.6782813553163,-0.6069105290912,0.368139155085451
30.0913434250502,6.12496787069893,-11.7014161460076,0.00802709149118155,0.366872157137679
30.1280406613965,6.15296663742735,-11.725089631593,-0.352296437355064,0.365574838662409
30.1646138800099,6.18087642890067,-11.7486737552009,-0.428368239404967,0.364261576739595
30.2010605912634,6.20839135626154,-11.7725400357037,0.0121453638233551,0.36294472143464
30.2373804144502,6.23545050597246,-11.7967632817347,-0.579102017998458,0.361634917312613
30.2735747590961,6.26242634397868,-11.8208904471059,-0.247749225076091,0.360341629856396
30.3096446313394,6.28878061542807,-11.8454793271234,0.0119227391922605,0.359073084237403
30.3455907955157,6.31482029797596,-11.8702148971913,-0.818048743830091,0.3578365865869
30.3814154218792,6.34078281368322,-11.8948559530865,-0.067392163331247,0.356638332507137
30.4171226056041,6.36594184128901,-11.9201794412924,-0.0889683912665979,0.355483562327334
30.4527169751438,6.39096348991885,-11.9454864954563,-0.847636442122967,0.354376785547624
30.4881987585575,6.41582425486726,-11.9707910974288,0.0604335775429756,0.353321855934435
30.5236006706257,6.43984992215492,-11.9967676874101,-0.224828459973861,0.352254592740061
30.5589188724738,6.46387803301769,-12.0226354854145,-0.69792802449623,0.352097121492779
30.594289604504,6.48774048205756,-12.0487367190285,0.0503147612246768,0.353034840697275
30.6297585443941,6.51103198843377,-12.0755071052275,-0.458409255484046,0.354114246467906
30.665308341245,6.53443216214537,-12.1023058705713,-0.584034617955838,0.354745016317151
30.7010288401303,6.55749499058348,-12.1296004648711,-0.0105619720869902,0.359025818401347
30.7374282738777,6.58041755293598,-12.1578845179633,-0.814358170889841,0.367199912610601
30.774549584757,6.60379200926906,-12.1867483951437,-0.282160472139872,0.373200703189693
30.8121439433228,6.62658575155488,-12.2166802323494,-0.158720314955239,0.377228742763665
30.8501828449642,6.64934308744589,-12.2472234835937,-1.11339156054442,0.382658735563006
30.8889650389012,6.67236414789936,-12.2785060910182,-0.252290024932003,0.393091966102246
30.9294199213227,6.69499822082368,-12.3120966456373,-1.24557583049194,0.418810366355682
30.9737145043892,6.71943085477252,-12.3490971076589,-0.461227823457417,0.471200700669161
31.0247214163289,6.74548405480592,-12.392995703714,-0.947881769605819,0.553181271191811
31.0852459129337,6.77533693130353,-12.4456515430836,-0.49604592149753,0.66111917684806
31.1576094826356,6.80794439527019,-12.5102076454836,-0.543420688916617,0.788311785773715
31.2435495673314,6.84428470896783,-12.587909077303,-0.608826667080178,0.929320899308951
31.344220790906,6.88315501319585,-12.6804584438546,-0.649873385649299,1.07907391276235
31.4603447983932,6.92223833059783,-12.7893575897072,-0.717173163591504,1.23382131825689
31.5923454721678,6.95834281103129,-12.915710385753,-0.623845204453824,1.39199839718712
31.7405235035457,6.98680828978174,-13.0604055935327,-0.654722037394123,1.55393942744175
31.9051102277808,7.00505075153022,-13.2234194283184,-0.675292487861325,1.72098069892566
32.0863277781679,7.00759892975017,-13.4045895643029,-0.644006466230569,1.89413457531441
32.2846316580005,6.98820919907113,-13.6023636305985,-0.592442773720626,2.07239951447097
32.500376763813,6.9419207786353,-13.8138524586501,-0.525627410076375,2.25239144167791
32.7336161551649,6.86509052746115,-14.0350120805131,-0.49640926587728,2.42886042071558
32.9839585505801,6.7559893804738,-14.2612662584603,-0.41338167153283,2.59644587924904
33.2506142667527,6.61250204219083,-14.4867210378383,-0.360199179026633,2.752354192161
33.5325544321676,6.43695992785393,-14.7075557790325,-0.310219444622484,2.89439433641159
33.8282441689046,6.23151665457734,-14.9199394299865,-0.272038670359352,3.01931645286447
34.1357580025071,5.9993745288481,-15.120965489081,-0.243084909169424,3.12709436646414
34.4531287959576,5.74379753152233,-15.308349740797,-0.22410398347868,3.21805353620817
34.7789474637616,5.46762349981335,-15.4805629142488,-0.195768667970413,3.29211341160921
35.111430679201,5.1738321587912,-15.6357852626785,-0.169662394121104,3.35333408790423
35.4492169283714,4.86577798574157,-15.7740976466573,-0.143586536715172,3.40240377758773
35.7910228926685,4.5465927112537,-15.8962010095403,-0.10866802940998,3.4358485130504
36.1355284825603,4.21924744984154,-16.0034715535014,-0.082814441887642,3.45357683950924
36.4809567954114,3.8872296752548,-16.0987038110854,-0.0527682621076357,3.45628053306266
36.8260703351667,3.55293295610648,-16.1843111671087,-0.0286774382643755,3.4456866923088
37.1695786582775,3.2186702569132,-16.2634232448518,-0.00501135927408281,3.42469654855753
37.5105098265834,2.8861254364461,-16.3386516047665,0.0165916239471357,3.39460946544179
37.8479663686272,2.55684952815714,-16.4125432032715,0.0390800679425695,3.35524081021598
38.1809683375571,2.23234863337503,-16.4872997471599,0.0592404767486428,3.30521167009609
38.5083898809726,1.91428566445332,-16.5650202341879,0.0793936900614784,3.24295797868611
38.8289304070821,1.60448914561342,-16.6472584693251,0.099364108158816,3.16767910248992
39.1412991429404,1.30478291789859,-16.73525731917,0.118302257907944,3.08007124203422
39.4443547495989,1.01689026187674,-16.8298914801145,0.136323329629173,2.98239384294227
39.7372677411842,0.742201506449659,-16.9316218837079,0.15329825095836,2.87787460558745
40.0195471381785,0.481768688082622,-17.040545975435,0.176807740465394,2.7701213956232
40.2910512252813,0.236255369440379,-17.1564718313584,0.189679892510089,2.66280646811123
40.5520254946763,0.00610430220233827,-17.2795573395414,0.21087239642582,2.55962544302997
40.8031261564906,-0.208914581683751,-17.4092027534789,0.217706868565074,2.46502317787511
41.0454273882322,-0.409179970750622,-17.5454756583544,0.236857750351633,2.38220700568629
41.2800405920659,-0.595571239824049,-17.6877589809646,0.220386082998983,2.30922277006752
41.5076617116741,-0.768166340172463,-17.8358957603382,0.216480775736761,2.24131231423325
41.7285569693851,-0.928049206853767,-17.9881467452306,0.204977202968888,2.17541595325061
41.9428298578208,-1.07572205123525,-18.143341376128,0.178399003389184,2.1100053428957
42.1504975054564,-1.21191558569017,-18.3001184376779,0.145402613974432,2.04330829188936
42.3513489640999,-1.3377521013339,-18.4567051439896,0.114153822986631,1.97325982607525
42.5450024515746,-1.45444824005036,-18.6112848425373,0.0871968663857407,1.89957158609984
42.7311412340587,-1.5631626818938,-18.7623990090019,0.0654499754770128,1.82292689403532
42.9094600518588,-1.66483759457919,-18.9089024368861,0.0516962441542894,1.74301823821847
43.0796021124814,-1.76012972407944,-19.0498594546165,0.0291898604262831,1.65931978765057
43.2411688750964,-1.84937229010983,-19.1845400636752,0.0180309656385602,1.57146556486879
43.3937408440933,-1.9330115108417,-19.3121437973987,0.00201005739411861,1.47946048730548
43.5369320646872,-2.0111593439122,-19.4321352811921,-0.0133301042508009,1.38398901228111
43.6705142584723,-2.08402772378758,-19.5440959931095,-0.0282075339159112,1.29106351491592
43.795178860011,-2.15223226846914,-19.6484547385275,-0.0406033293602067,1.20278647051904
43.9111400754662,-2.2160399443324,-19.7452845228652,-0.0526640860659536,1.12051038099933
44.0193092430109,-2.27601622630817,-19.8353077584399,-0.0642792303719121,1.04297617642762
44.119797679776,-2.33224409545294,-19.9185932533514,-0.0719402870972468,0.96987430979919
44.2133022177386,-2.38510154439656,-19.9957263896409,-0.0782192236114698,0.899757111090669
44.2997794243884,-2.43450072130336,-20.0667002559514,-0.118064958251394,0.832466943785448
44.3797700894688,-2.48067831846305,-20.132021698332,-0.0902096785795757,0.766173627192933
44.4529973744951,-2.52355895633587,-20.1913705274449,-0.0863810870422676,0.701057539344417
44.52029988336,-2.56336342272796,-20.2456360094612,-0.19931460095299,0.647706746828152
44.5826720596359,-2.60056750450298,-20.2956949135932,-0.00631950869764685,0.598643011639304
44.6402981516213,-2.63555283438527,-20.3414686305785,0.623683249202286,0.557222798857197
44.6945252027216,-2.66849468934509,-20.384534186461,-0.557601396335913,0.527629145648028
44.745934255684,-2.69833966123234,-20.4265689520606,-0.878165348113941,0.500953081103298
44.7946723436636,-2.72778774852466,-20.4654849788931,0.167389256457771,0.47428250925081
44.8408959352773,-2.75731856442019,-20.5010442789189,-0.398538124117995,0.451485856118951
44.88536484791,-2.78545647095187,-20.5354860969596,-0.0329666824224941,0.438675041948732
44.9288628493777,-2.81358784574701,-20.5686739397327,-0.361333263796981,0.430397026939215
44.9715936874392,-2.84126640396898,-20.6012310708415,-0.105546855570277,0.423784219389565
45.0137607958085,-2.86907488496199,-20.6329223385567,-0.112051235959334,0.419225638548472
45.0554412648157,-2.89669975878063,-20.664119892609,-0.211620716964933,0.411864401778862
45.0961181571968,-2.92380433700608,-20.6944363682989,0.0657615872328296,0.400162629781171
45.1356417108064,-2.95040471406148,-20.7236638226261,-0.400598634002942,0.389381071078328
45.1742440262434,-2.9763100149447,-20.7522801467565,-0.0775505367217826,0.381740235795474
45.2122419399138,-3.00224833159087,-20.7800435545847,-0.100511465219754,0.37714573410107
45.2498620080154,-3.02801154031037,-20.8074555444098,-0.497608590523821,0.374808607131223
45.2873222239617,-3.05376818635112,-20.8346528575282,-0.00948458738179076,0.373833524477078
45.3247318854564,-3.07999365646031,-20.8613298325247,-0.32746343607182,0.373468114578985
45.3621256650064,-3.10621724401775,-20.8879859593228,-0.324007047988943,0.373247946955123
45.3995001549743,-3.13274953621937,-20.9143029977605,-0.00514490040340379,0.372933131300478
45.4368314477554,-3.15956941599093,-20.9402679611712,-0.557070994893193,0.372432410154616
45.474106751922,-3.18635353923889,-20.9661883291466,-0.121200719050483,0.37176398240544
45.5113061013157,-3.21361300716493,-20.9914917367264,-0.0900269663811038,0.370958467610658
45.5484196489543,-3.24092399951383,-21.0166142106327,-0.623514579607164,0.370030561089548
45.5854416998154,-3.26825016913293,-21.0415822038476,0.00482827600982524,0.369037525753354
45.6223591999388,-3.29607035930547,-21.065844391747,-0.309903269397818,0.368001122957522
45.6591781698253,-3.3238117574744,-21.0900465941379,-0.441511518504161,0.366941081153871
45.6958931659371,-3.35174544296205,-21.1138591531181,0.00834706610509804,0.365905742446107
45.7325008377539,-3.37998097255431,-21.13714735309,-0.542299354135234,0.36486383071072
45.7690067550191,-3.40813123676678,-21.160379721756,-0.250755648796425,0.363783172947305
45.805411778349,-3.43665918019124,-21.1829870871505,0.0101292873381812,0.362724288866212
45.8417109708794,-3.46531434691299,-21.2052713631883,-0.786683024942971,0.361706939137268
45.8779136316445,-3.4938862246586,-21.2275077763289,-0.055773753244656,0.360704678253824
45.9140232284653,-3.52299999380303,-21.2488592385509,-0.127776174031276,0.3597710841132
45.9500409177469,-3.55208456575635,-21.2700991317979,-0.770743979333147,0.358917461084843
45.9859806825699,-3.58120346783865,-21.2911588755324,0.00717579357484843,0.358117135169052
46.0218416311377,-3.61083441873782,-21.3113605547041,-0.338001047765175,0.357334101279672
46.0576282131624,-3.6404009433124,-21.3315294791209,-0.618776544406261,0.356548279610694
46.0933282028833,-3.67013361478656,-21.351287629917,0.000805520990999326,0.355844735816013
46.1289560199338,-3.70023734085132,-21.370345537551,-0.579651798939247,0.355250612066245
46.1645265975956,-3.73029466308349,-21.3893752783389,-0.53032135605313,0.354739274839211
46.2002378433035,-3.76085268125486,-21.4078537607321,-0.0633839125856282,0.358960203816284
46.2367849119187,-3.79247457517686,-21.4261852462765,-0.893827759786965,0.370642430392971
46.2745880199853,-3.82522241933604,-21.4450715747328,-0.0979580015268166,0.382770021808968
46.3132702728697,-3.85935143789611,-21.4632798621515,-0.185931709797747,0.387093110827614
46.3519800554731,-3.89357839879975,-21.481374269355,-0.674567124431434,0.384965585439774
46.3903479125952,-3.9276366275667,-21.4990642350767,0.0833687872120109,0.3801361090027
46.4282352703516,-3.9617380890244,-21.515657058181,-0.628071808307653,0.376907378988751
46.466030101626,-3.99571702394992,-21.5323236073382,-0.387977700861189,0.377249329426377
46.5038724602676,-4.03010955538348,-21.5481910198679,-0.00636772975687174,0.378103626430341
46.5418700626633,-4.06488123718865,-21.5636203750779,-1.36687539268625,0.3809298873481
46.5804968352088,-4.10024878172953,-21.579304053025,-0.314919101634754,0.392630032601791
46.6213242017709,-4.13840212801123,-21.5939849487362,-1.21077501534317,0.428220741504088
46.6671424805763,-4.1813942184484,-21.6099638159875,-0.488001605676848,0.491182376684742
46.720396240193,-4.23216680519459,-21.6261171867873,-0.887862993974188,0.577569577474508
46.7834272199724,-4.29262281166072,-21.6438975965656,-0.550826459852564,0.686882217984822
46.8584537272854,-4.36547596400533,-21.6616489771683,-0.590173291419709,0.815897036805868
46.9473796433623,-4.4524187928464,-21.679645703681,-0.648434492922008,0.96106245267843
47.0515795475504,-4.55503517760052,-21.696135854877,-0.754848881607861,1.11764391870324
47.1721412965578,-4.67448649274304,-21.7082370466399,-0.661838427177444,1.28370826238261
47.3099452143513,-4.81155405379831,-21.7111859953491,-0.573863569065119,1.45486529201371
47.465199290607,-4.96566609628776,-21.7020587140818,-0.6715598194302,1.62755224605013
47.6376861525272,-5.13624401392257,-21.6782549093673,-0.645590943449062,1.80434023635472
47.8273964533483,-5.32068572285339,-21.6324026315053,-0.638557560830471,1.99242852609126
48.0364016079671,-5.51734146968682,-21.5594846401918,-0.559318599041683,2.20178187674969
48.2673363579494,-5.72344323637727,-21.453104835733,-0.500521573925084,2.4404231808658
48.5232030669675,-5.93642922821997,-21.3093118327242,-0.444512351065464,2.70573072274673
48.8065278082655,-6.15192312683486,-21.1239436595746,-0.376966056384651,2.98713760136531
49.1184538300661,-6.3638348423069,-20.894280964097,-0.324336473524206,3.27178456501648
49.4591839475833,-6.5665490137239,-20.6203030024013,-0.27535144558033,3.55396200782978
49.8283245967958,-6.75446603243317,-20.3029838905555,-0.237495338094533,3.83138614264762
50.2252985920079,-6.92330283059835,-19.9443902314024,-0.202601217840845,4.10256467317292
50.6494540782328,-7.06924735681775,-19.5468320364076,-0.167863362540538,4.37140818796962
51.1004825935258,-7.18988514840391,-19.1127680357561,-0.133197053730836,4.64026654410068
51.5782309252294,-7.28458984998372,-18.6447789259026,-0.0958325917162445,4.90826583608424
52.082456788781,-7.35464908562612,-18.145476558019,-0.0587452961457215,5.17146590451307
52.6121985981313,-7.40407550487975,-17.6178980455418,-0.0315719019090342,5.42300365246511
53.1659570573138,-7.4393003463062,-17.0650725386998,-0.0104876254510748,5.65502579744934
53.7416358657903,-7.46623575958029,-16.4899883916616,9.2304407401483e-05,5.8603723943423
54.3363102362947,-7.49057952405922,-15.8959395266074,0.0127215258713456,6.03493138755833
54.9468844668043,-7.51560540992833,-15.2860420725203,0.0104920416549302,6.17986837194322
55.5706945119447,-7.5459133865385,-14.6630320753273,0.00402496297180825,6.29824297782087
56.2053508730014,-7.58083040182277,-14.0292882163166,-0.00273580565717763,6.39533592820405
56.8493403632579,-7.61788324356306,-13.3862532083634,-0.0085393979032579,6.49001054818061
57.5038361630462,-7.65440691831775,-12.7326716557025,-0.015815657348069,6.60466692237562
58.1709413308404,-7.6879764124162,-12.0663725910576,-0.0182952643966919,6.73967732178001
58.8516463326335,-7.71519408015173,-11.3862520047411,-0.0256434002614085,6.88012843891745
59.5459195122359,-7.7344822509425,-10.6922986536093,-0.0347149686577539,7.01343736297403
60.2525072664071,-7.74175542002747,-9.98580921620974,-0.0446917778087002,7.13040812001509
60.9714483050307,-7.73182542949055,-9.26700439124366,-0.0545860784446439,7.25192215122757
61.7037778457319,-7.69862205037776,-8.53550186689016,-0.0638642665632848,7.39041829831463
62.4498471489431,-7.6355832761236,-7.79218433971408,-0.0728812241249962,7.52061792015616
63.2076163776995,-7.53621350280693,-7.04104571587296,-0.0818628476689912,7.62262637256163
63.974347672302,-7.39433746446895,-6.28762567344426,-0.0914700014536482,7.67830053711964
64.7439577168628,-7.20491079532532,-5.54170194934861,-0.102242459968376,7.67622492183484
65.5107819281009,-6.96411456639435,-4.81360205603914,-0.113124391481373,7.61290451033236
66.2695206062741,-6.66951121799814,-4.11430601798812,-0.123796441176811,7.48479828474208
67.0139077078515,-6.32161780560858,-3.45629326848298,-0.133018227989123,7.31754042338292
67.7427587899618,-5.92204711551204,-2.84727386345752,-0.134968079681399,7.14788155180314
68.4559854872786,-5.47428099751928,-2.29344905342313,-0.112306782478878,6.98933762705297
69.1531585498444,-4.98533314844074,-1.79757356873567,-0.141253175400779,6.84124646720737
69.8344084644884,-4.46921761551371,-1.35171759880382,-0.124798801307898,6.69718025318516
70.4982332393573,-3.9256038509442,-0.968934560100675,-0.106129339343556,6.554489737589
71.1470027297258,-3.36475797430959,-0.641487583334723,-0.090477829414,6.40909368512173
71.7804407824305,-2.79639658193427,-0.361485535388604,-0.0779720675902715,6.25626507804486
72.3982915355564,-2.2272721124861,-0.121597000518674,-0.0725962255643157,6.09507708755737
72.9998804238246,-1.66237239127466,0.0842342563528645,-0.0723632839711775,5.93013681953108
73.5851094564233,-1.10431561184907,0.259642492795129,-0.0730452411436729,5.77047259071102
74.1548745357931,-0.553934261382004,0.406681389893485,-0.0721320519269487,5.62655172201615
74.7112102289483,-0.0107851305597739,0.52725061811226,-0.06899478409101,5.50672664339123
75.256878689963,0.526368214173054,0.623617054946189,-0.0631259139473513,5.41481694094406
75.7947635782955,1.05906989752333,0.69830876177356,-0.0564742972078516,5.3497520936443
76.3273665907271,1.58873193884757,0.754130119250394,-0.0511512938227442,5.30640258711813
76.8564593467781,2.11631474734894,0.793624245389771,-0.0469840147037395,5.27776529101445
77.383152759023,2.64237313161478,0.818646773823803,-0.0432320598529737,5.25636617255987
77.9077248100936,3.16678585637674,0.830544637639702,-0.0396400140123508,5.2343646999364
78.4297445749337,3.6887931440227,0.830489553097965,-0.0356722795444566,5.20494165438451
78.9482109857732,4.20714576448772,0.81963328285916,-0.0322991110731035,5.16222332720681
79.4615241304112,4.72006712979316,0.799299691803975,-0.0318165315215753,5.100981034601
79.9676532324045,5.22540820494753,0.770749045661958,-0.0330845070697531,5.01893591993221
80.4645332741062,5.7209749878741,0.734586716889523,-0.0455756224643129,4.91665181035523
80.9502146579618,6.20469276489826,0.691098939582623,-0.0506621132413143,4.7952908512207
81.4228560982755,6.67428974115135,0.638087202814126,-0.0669882893536905,4.65548899444306
81.8806665984018,7.12774877580123,0.575510927242141,-0.0827754726983533,4.49777883071563
82.3219303276319,7.56269673281256,0.501319327747917,-0.0989223923208811,4.3249288848006
82.7453724299762,7.9770833889927,0.41428715689503,-0.112949134193917,4.14293635669232
83.1505161659211,8.36953965887333,0.313738109480427,-0.125013384222273,3.96151324168065
83.5381776279987,8.74001519803199,0.199683279307904,-0.136380721927966,3.79726454037144
83.9108141881101,9.09013008632226,0.0722420660350966,-0.155610799396913,3.66444985887753
84.2714796591759,9.42204096339764,-0.0687207558901588,-0.168200619543321,3.56086809014404
84.6243406204018,9.73831811625626,-0.225028107946242,-0.195785617288485,3.51009328875158
84.97626960401,10.0439151205401,-0.399409076147342,-0.210569767523001,3.5424468903129
85.3349566998021,10.3426320567257,-0.597770489697832,-0.227068727933321,3.63826077632493
85.7039325814787,10.6340800040534,-0.82380558088103,-0.24251820276564,3.74579682549538
86.0826001776942,10.9132451452411,-1.07940469813872,-0.261254440626763,3.82255420421354
86.4665340872365,11.1716933613159,-1.36314313309066,-0.281550879570707,3.85187505942875
86.8507293662184,11.4006197580075,-1.67161976025591,-0.307871906693606,3.8290071149499
87.23002303414,11.5919605080332,-1.99916667227044,-0.341809461973007,3.7585002336345
87.6000407051486,11.7390574939121,-2.33880545187587,-0.381214068259366,3.64854845146465
87.9576970203419,11.8370246281974,-2.68282727229021,-0.414108036251136,3.51085989939682
88.3011489576468,11.8831477183385,-3.0228841995105,-0.447774820826,3.36233799594634
88.6303611170124,11.8784767442722,-3.35129457284365,-0.455740572818158,3.21952807870495
88.946631205141,11.8257513211646,-3.66183028546518,-0.440673084567015,3.09528355447575
89.2518915765603,11.7308294042405,-3.95077605791891,-0.460700486070203,2.99799800763935
89.5479405096569,11.6006100045721,-4.2165631657511,-0.433986103541852,2.93028686303691
89.8378406753777,11.4378150914727,-4.45711200463074,-0.388209988956338,2.88994438841842
90.1248814053369,11.247556578021,-4.67291564503491,-0.340803336045145,2.87422952495927
90.4116543388191,11.03467895567,-4.86578744821363,-0.295889336368633,2.88074345028483
90.7002420794651,10.8027968955876,-5.03793008640041,-0.25722051270998,2.90319573408616
90.9917732777887,10.5548888382743,-5.19123520960199,-0.228567266162262,2.93218236612823
91.2864159015688,10.2936471363573,-5.32709110491152,-0.208830827850439,2.96025181805065
91.5837475360899,10.0214952373685,-5.44628343235409,-0.194179024279658,2.98376833142252
91.8831915623304,9.74046370562807,-5.54924004758619,-0.180140513538133,3.00274809060236
92.1843138804402,9.4522904868993,-5.63628817407917,-0.163897887618704,3.01838681646627
92.4867924166707,9.15845150292654,-5.7079946900408,-0.144972171190959,3.03069621164019
92.7902599627878,8.86045024824493,-5.76528303576643,-0.124303564330127,3.0383388427651
93.0941589644601,8.55979115934637,-5.80948786966392,-0.10406422226513,3.03885692120964
93.3976388304753,8.2580924921043,-5.8422427097486,-0.0849827624387687,3.029431374841
93.6995904775085,7.95704770149719,-5.8652864520445,-0.066953280005954,3.00794911529747
93.998721946047,7.65829286218159,-5.88038530345313,-0.0496017875045387,2.97252821396541
94.2935517858957,7.36362697984485,-5.8892787133543,-0.0323403462062274,2.92174717948251
94.5825542148882,7.07461748494677,-5.89368869675258,-0.014477526508114,2.85644173691733
94.864341960277,6.79288873381392,-5.89528536456713,0.00396804162807215,2.77730879293615
95.1375071305609,6.51967929342468,-5.89568459768076,0.0214663592528089,2.68401056422809
95.4006198535952,6.25656989134842,-5.89636526095876,0.0397873965350624,2.57602578002555
95.6522541397349,6.00497416114897,-5.89850219547067,0.0565839248594886,2.45521988099884
95.8913155101067,5.76595656732577,-5.90305112838179,0.0719257445202971,2.32481477291907
96.1169772998139,5.54041791574339,-5.91057789560974,0.0879665030472473,2.18794688445142
96.3287956674286,5.32887694067063,-5.92130233653707,0.102318357264117,2.04830801108577
96.5266220696192,5.13155324666789,-5.93525765765,0.113183317720583,1.90844061279337
96.7105624060492,4.94840873267972,-5.95222404510438,0.135265250507214,1.77091788927604
96.8809182292175,4.77918411199211,-5.97174626362572,0.138721446809143,1.64190286019078
97.039166585887,4.62248176778071,-5.99377504959957,0.16034851114102,1.52506983939163
97.1862967652375,4.47731721489919,-6.01768974901408,0.156199198824645,1.41880201290593
97.3232004371731,4.3428521901364,-6.04335925760334,0.172833858781835,1.3195201117409
97.4503902895659,4.21851028099064,-6.07007624956979,0.200075442896735,1.22430960028313
97.568193766089,4.1039604515317,-6.09754858637695,0.188991461555492,1.13104088646751
97.6767515946296,3.99908675804984,-6.12555536131693,0.193149641195202,1.04363074908712
97.777108707291,3.90273039871165,-6.15359246261481,0.228875458998645,0.963159197404809
97.8695390428918,3.81455524117935,-6.18127486292447,0.220958674818841,0.88475788425745
97.9543419877847,3.73425579397746,-6.20853364132963,0.205789330604076,0.813325975683881
98.0326483289849,3.6606472046204,-6.23519909178248,0.181435005592691,0.755837738195708
98.1056383069327,3.59247633097814,-6.26123622728121,0.335017781918112,0.701436106109082
98.1728858619711,3.53001387320142,-6.28612734594643,0.165748534317578,0.642416484169525
98.2343482876083,3.47351110801756,-6.31027403575963,0.207609114606011,0.587109059870531
98.290736266633,3.42192476009256,-6.33300022947193,-0.961890342114001,0.542249818005785
98.3429099036723,3.37445916431095,-6.35463192600936,1.54311255177324,0.498307906196574
98.3902721248143,3.33033069339601,-6.37186658352379,1.63966573345997,0.446309600031935
98.4334970521019,3.29143793858647,-6.39077445650394,-1.0452363908808,0.417546983827517
98.474606671453,3.25575576834681,-6.41153108469069,1.29708934705391,0.402667388106224
98.5147284999143,3.22021303351785,-6.4301460261258,-0.984392525055032,0.398107791011231
98.5548759249957,3.18557901014182,-6.45064214307571,1.40202466196674,0.401947962371075
98.5955892116864,3.14978942239485,-6.46996952193804,-1.08242494579988,0.409540318795707
98.6371435809083,3.11434697542466,-6.49174562284399,1.62292578542963,0.417244407465595
98.6792925516904,3.077531319477,-6.51216716409976,-1.14785015143484,0.422494755795083
98.7219469368529,3.04168170190911,-6.53534227501538,1.77430096029696,0.426144221840571
98.7648602128457,3.00457983723033,-6.55683619277065,-0.996710377723826,0.42951162170813
98.8082638832452,2.96875393072265,-6.58136090901587,1.48345095772556,0.435060639085694
98.852132520683,2.93156959126756,-6.60453874832827,-0.691012568117896,0.439570152260516
98.8964653406796,2.89552413659667,-6.63036273199416,1.24829355123895,0.44313540783081
98.9410199157229,2.85856318190353,-6.65517127896179,-0.462405182426083,0.444801735284252
98.9857698114487,2.82283877338972,-6.68212897599549,1.06312522674309,0.445963894351406
99.0305164223718,2.78661388587328,-6.70830405460872,-0.256143349992328,0.445900033543866
99.0753271170683,2.75157616174567,-6.73624111879726,0.926352915781753,0.446027390068498
99.1200459020136,2.71632383530787,-6.76369143640899,-0.13466058022089,0.4454129320104
99.1648001780034,2.6821624032064,-6.79263603797425,0.981580366209007,0.445317992369402
99.2094437730501,2.64796674903209,-6.8212557939544,-0.314329604354932,0.44462469440431
99.2541253530522,2.61497620222384,-6.85141214308541,1.1944275043812,0.444537730139567
99.2986982568183,2.58168735285671,-6.88099038679776,-0.510885993426085,0.443852722298829
99.3433164340225,2.54992876331018,-6.91237742901118,1.42318991785249,0.443795222015489
99.3878267746204,2.51759031640239,-6.94290545485058,-0.724957100971591,0.443132504315252
99.4323743259526,2.48717252731781,-6.97549110608235,1.63789168447056,0.443136141442701
99.4768182543764,2.45583121979212,-7.00695502133166,-0.765579208371933,0.442541099665515
99.5221267568915,2.42619601100371,-7.04128350002687,1.40365212200429,0.465980206792256
99.5711735481339,2.39298297521248,-7.07734687213071,-0.101008291705365,0.512659407732583
99.62482825177,2.35917847947811,-7.11903285908982,0.777209695337462,0.55564963462037
99.6820819209806,2.32290892922726,-7.16329669563546,0.322628147352419,0.586351920893118
99.7420887685363,2.28687985886248,-7.21128279809281,0.419822708100246,0.611351364887119
99.8046575233894,2.25027125858362,-7.26197557957002,0.706472259146103,0.639553123172733
99.8706459509536,2.21298949440109,-7.31640425638901,0.501517137596858,0.681161938648232
99.9418354146516,2.17532363188325,-7.37683487378415,0.625834307263177,0.744409583747218
100.020615356734,2.13584401352917,-7.44498300831015,0.650407803588436,0.832946196461529
100.109521380993,2.09465112444579,-7.52383258694451,0.665512216043313,0.945362458668982
100.210601900461,2.05237087884712,-7.61587999761613,0.682686842256373,1.07421026154123
100.325009397948,2.01093760220316,-7.72244266833885,0.749998447876566,1.20782430614822
100.452599509642,1.97332610982959,-7.84380246917983,0.574954803950399,1.33371910404264
100.592195449488,1.94365505529929,-7.980439777867,0.765997000059107,1.44316847542882
100.741805221911,1.92295304040686,-8.1287434233992,0.629011608782106,1.53301022640839
100.899407846822,1.91842585354104,-8.28540934865469,0.560186193090811,1.60376042616031
101.063414793961,1.92917359250919,-8.44840845317205,0.754478449593887,1.65776001859353
101.23155940602,1.9551158443865,-8.61465184824743,0.502222589481764,1.69898215030669
101.40341215404,2.00249051947318,-8.7797080483555,0.594150613364658,1.73235569873205
101.578262271675,2.06485382383362,-8.94330510139836,0.521121081817556,1.76265124971844
101.756034336555,2.14491559673343,-9.10219980021622,0.460859759524326,1.79322716138228
101.936941148686,2.24081845312748,-9.2558706461585,0.413404226220109,1.82544700727569
102.121128142198,2.35090606503527,-9.40370860771794,0.364966776812124,1.85767474127221
102.308365624093,2.47372639506978,-9.54512846826099,0.322897393554706,1.88443985758978
102.497775783073,2.60730948491097,-9.6794131214153,0.285994431170235,1.89964791157622
102.68798234184,2.74939115488858,-9.80581491391199,0.255025536282634,1.89982882401572
102.877398063374,2.89753849267763,-9.92376949807156,0.232324247986532,1.8839996751432
103.064432717046,3.04935058451371,-10.0329517520365,0.195279524487225,1.8527449456959
103.247613165036,3.20262810384839,-10.133181290622,0.166422262440643,1.8076327408115
103.425666745327,3.35510571952417,-10.2250620861646,0.139958130662736,1.75098245170659
103.597579315807,3.50498435335865,-10.3092190577626,0.12586400636246,1.68558104032073
103.762620072302,3.65086062251634,-10.3863862079837,0.0852965203769106,1.61418035562947
103.920305499204,3.7918295995189,-10.4570795198069,0.0793999254706713,1.538884614304
104.070319780195,3.92687783139108,-10.5224305879609,0.048272029486507,1.46101812101758
104.212449876466,4.05557203645305,-10.5827214330096,0.0356657382087256,1.38135705914378
104.346540960438,4.17740712829603,-10.6387222651917,0.0200262884998594,1.30032026151738
104.472470107516,4.29210822941194,-10.6907382342785,0.00226788876052867,1.21816317761888
104.590189341472,4.39944168168203,-10.7390642428222,-0.0101138553569678,1.13977106566045
104.700489025281,4.5000370970655,-10.7843220436337,-0.0228360451370632,1.06699826789258
104.803711308103,4.59411933497242,-10.8267845142467,-0.0331280204769167,1.00067083559662
104.90066496243,4.68239191353348,-10.8668918312707,-0.0429131373408061,0.938306555932712
104.99137214637,4.76484657117642,-10.9046977947446,-0.0582884666225996,0.878917543531744
105.076372975134,4.84196096045754,-10.9404436502908,-0.0757043069063786,0.820154189845089
105.155238808049,4.91334584028569,-10.9739977708218,-0.0658767171031012,0.756650824373279
105.227763172818,4.97876953914878,-11.0052703130504,-0.0790772777032498,0.696480696131197
105.294838154729,5.03913438098075,-11.0345086544602,-0.1255364758515,0.648101085338241
105.357484560588,5.09537022046888,-11.0621423569087,0.0102213481258188,0.603976448140013
105.415804251622,5.14747865027468,-11.0882970514784,0.0157739185494283,0.564880928266675
105.470779563888,5.19661925595873,-11.1129232339645,1.41419915529351,0.535226933900514
105.523008061236,5.24337584487492,-11.1363013907972,-2.12643200345145,0.511533004254986
105.57289495314,5.28996202823185,-11.1552735897745,-0.10273888717305,0.486613521124739
105.62088293201,5.33209877160762,-11.178243152536,-0.362494266678962,0.474397283733766
105.66804681199,5.37338979834003,-11.2010211899293,-0.043670034507949,0.469046227140557
105.714735655448,5.41389971481881,-11.2242889616243,-0.335672170932651,0.463900015805305
105.760789469889,5.45379970584123,-11.247316318864,-0.0321788030103848,0.457442662149914
105.80621693692,5.49276514670969,-11.2706268355646,-0.132617874832663,0.451781157513576
105.850943694056,5.53108224897149,-11.2936268009055,0.0321982258375008,0.439807713564556
105.893938674704,5.56780100650146,-11.3159762712774,0.072288992673598,0.418447455119149
105.934706621044,5.60266284221599,-11.3371258469897,-0.251594233601501,0.396341437790956
105.973495764155,5.63589283973892,-11.3571448578072,0.050339635779142,0.379348903490635
106.01094854733,5.66776205543559,-11.3767861329874,-0.288827652936315,0.369545395117912
106.047757013071,5.69912438292455,-11.3960321391443,-0.306978662526821,0.366076163301561
106.084444613804,5.73019222533267,-11.4155562689648,-0.0464265747235786,0.366676467039136
106.121249977445,5.76115361905394,-11.4355016595884,-0.511080318065475,0.368852034367098
106.158282515134,5.79227132209737,-11.455622655113,-0.146627563079754,0.37087357395684
106.195495250952,5.82312485289995,-11.4764085647019,-0.102422230289724,0.37211662204944
106.2327970483,5.8539320165676,-11.4974079246837,-0.561392174816684,0.372542264358032
106.270106857154,5.884666797173,-11.5185302475232,-0.0154079459630984,0.372328010802146
106.307366641595,5.91493912786043,-11.5402821325383,-0.297767013065725,0.371679752001243
106.344539127573,5.94512607520592,-11.5619990303667,-0.357395956961606,0.370759372828045
106.381605756631,5.97496836319002,-11.5839752371885,0.0619855471835948,0.369672534344771
106.418584120542,6.00443145242765,-11.6062818300239,-0.455547074678154,0.368029823346444
106.455356985486,6.03378321063931,-11.6283979581518,-0.15703381165686,0.365701749138456
106.491907767004,6.06260450994592,-11.6508847869753,0.0241510764700942,0.363801185636708
106.528324415568,6.0912025765026,-11.6734636090881,-0.735011112715435,0.36314979021758
106.564746303941,6.11982761209746,-11.6960228706282,-0.00586459848159611,0.364020259587029
106.601345070493,6.14794731207982,-11.7194269577262,-0.205772782902864,0.366736024545523
106.638281109242,6.17632373794913,-11.7430549310213,-0.555917947402909,0.370542452453418
106.675598261859,6.20481952131314,-11.7671473907854,0.0278475022099127,0.374414797990854
106.713284162035,6.23311286883074,-11.7920823798624,-0.496466023699467,0.377962266089589
106.751299965508,6.26168553829225,-11.8172107433005,-0.29808233848625,0.381522345042766
106.789747744654,6.29008802180972,-11.8431466653031,-0.0960704974793457,0.386932890810446
106.828876389805,6.31869259825801,-11.8698642978276,-0.793088101024148,0.395238473723113
106.868918289757,6.34786863359103,-11.8973170948862,-0.0512146428045871,0.405104984853888
106.910045010618,6.37696679502309,-11.9264443137716,-0.67412836937054,0.417644257213805
106.952612233596,6.40702456597002,-11.9566549350542,-0.32675639993818,0.433965290326586
106.997060555418,6.43751677607386,-11.9890380613238,-0.589577257091593,0.456165264745477
107.044156228073,6.46934785189611,-12.0237860987653,-0.420904230813903,0.487212907005266
107.094862400315,6.50264166371883,-12.0620691560974,-0.647001920152113,0.529099644397527
107.150520219801,6.53836518579217,-12.1047970406446,-0.366876395761934,0.587603704285789
107.213002300461,6.57686655464519,-12.1539762502615,-0.463680558538183,0.665375729505111
107.28431522656,6.61964933741458,-12.2109459298335,-0.529080554751052,0.764452135825878
107.36688297946,6.66728881126575,-12.2783022048685,-0.552484087156506,0.889533587725397
107.463137311142,6.71982359896474,-12.3588161838049,-0.598679479462099,1.03431116023746
107.574361820457,6.77618832869592,-12.4545442460498,-0.572960361276016,1.1860611150813
107.700887945716,6.83378074708395,-12.566918813837,-0.653733155016413,1.3366094196922
107.84238199441,6.88987083069168,-12.6963925844196,-0.62758704738836,1.48214388622713
107.998416338056,6.93950732394479,-12.8437115300169,-0.679167558057726,1.62385403277786
108.168836855988,6.97909675273396,-13.0087116681173,-0.629910971822567,1.76599218064065
108.353737342529,7.00281170258756,-13.1913638895999,-0.637202664391916,1.91315876578371
108.553307536716,7.00713762150768,-13.3906491622395,-0.630501969703196,2.06765972227738
108.768100207352,6.98645980987964,-13.6046954426667,-0.562984422097179,2.22773608823823
108.998450833711,6.93540994870635,-13.8299189744899,-0.526114429179166,2.38856272295702
109.244362368944,6.85201408376506,-14.062022536713,-0.457147252500712,2.54493504903311
109.505425116745,6.73406865225586,-14.2956418172023,-0.405018833847156,2.69268293013146
109.780907775987,6.58260060245674,-14.5261891319674,-0.349806255017723,2.82980180780212
110.06986349157,6.39906446133522,-14.7494180891012,-0.302595926313879,2.95427785920209
110.370839301905,6.18641867841205,-14.9620512970454,-0.267534272414568,3.06379945346223
110.682180076684,5.94805452623975,-15.1617038367008,-0.239620522754598,3.15931327048522
111.002591733756,5.6869278462405,-15.3466830047316,-0.215375276493341,3.24352286855631
111.330492909821,5.40616576090927,-15.5155004594991,-0.194894427126256,3.31545554119622
111.665082900412,5.10833943534595,-15.6676059913622,-0.16127799702234,3.37338050191446
112.004510709488,4.79683418744209,-15.8022231908271,-0.135030216194309,3.41638981691333
112.347511470712,4.47511061948799,-15.9210238618999,-0.103249270271249,3.44361529508322
112.692461182422,4.14639993023458,-16.0254741919248,-0.0752047372313116,3.45527466503221
113.037650495164,3.81393526934694,-16.1182296037818,-0.0482961484907361,3.45194949445329
113.382095976486,3.47987220153429,-16.2021291825647,-0.0229246977447799,3.4365580359436
113.724437561464,3.14649977935406,-16.2799476427521,-0.000111749224088051,3.4119510114769
114.063949212285,2.81527758179242,-16.3545053447381,0.0216858231346749,3.37878769623061
114.399686194506,2.4877148209049,-16.4282261088088,0.0424825882433784,3.33670056537193
114.730711749154,2.16531067326383,-16.5032917206824,0.0640007640953898,3.28412110162551
115.055908405684,1.84968255197596,-16.581559391147,0.083752807090432,3.21946843018148
115.373989758582,1.542663459692,-16.6646651071716,0.102736093433826,3.14203728324538
115.683698985557,1.2460457760061,-16.7537332798734,0.121106570792562,3.05268962003137
115.983952972444,0.961477299359921,-16.8494719434091,0.1404157297658,2.95384368947966
116.273985342726,0.690242160470959,-16.9522432651682,0.160545222417141,2.8488403396853
116.553371512256,0.433402576533764,-17.0621928928603,0.174124741267718,2.74136407032426
116.822051856189,0.191579380213327,-17.1793456089973,0.198094977761228,2.63513315533595
117.08035704252,-0.035131580012175,-17.3031471409501,0.207971029241276,2.53389663100072
117.329050519624,-0.246726232276389,-17.433754210242,0.232307237065227,2.4425345966206
117.569293080154,-0.444053257461179,-17.5706658858956,0.223726530846802,2.36301256747344
117.802100359309,-0.627265437581635,-17.7140939120571,0.220325398933905,2.29195525974536
118.028052072454,-0.797317045873622,-17.8626014157626,0.217210937371076,2.22514340856864
118.24735620802,-0.954816785580505,-18.0150574057915,0.203834903166738,2.15993987994172
118.460098995846,-1.10021172882757,-18.1703216495958,0.17190014390716,2.09489711670549
118.666261886095,-1.23426836497355,-18.3269709732193,0.139616333141121,2.02822392658429
118.865598829529,-1.35826016864328,-18.4830982252095,0.110756870253528,1.95799330779512
119.057716394387,-1.47336183711808,-18.6369549266178,0.0831942158447833,1.88410420705803
119.242298540101,-1.58064127885825,-18.7871819550124,0.0615524789081472,1.80723445549142
119.419032139732,-1.68103424638932,-18.9326439308466,0.0461938863158591,1.72697724722651
119.587546105398,-1.77516625807214,-19.0724193001911,0.0303560473346359,1.64277093801837
119.74742808633,-1.86338374057908,-19.2057606990493,0.0141324548196026,1.55430922269052
119.898256564171,-1.94595775406339,-19.3319782878685,-0.000117375699845809,1.46177042805286
120.039663678788,-2.02310687050762,-19.4504909669474,-0.0164815270997781,1.36605586830645
120.171461425787,-2.09501489016089,-19.5609482285364,-0.0291516535316346,1.27327302266883
120.294372975524,-2.16231523039234,-19.6638028934989,-0.042842299992855,1.18560283554218
120.408671149634,-2.2252666919743,-19.759206791615,-0.0549395620877492,1.104347351743
120.51528357666,-2.28445090282461,-19.8478850669558,-0.0665772769040099,1.02800528520995
120.614337942043,-2.3399579140714,-19.9299287040061,-0.0742313535929584,0.956106591969423
120.706520442749,-2.39215270546101,-20.0059108174288,-0.0785445923218398,0.887018926261093
120.791765161929,-2.44093632825409,-20.0758131063221,-0.108242910744283,0.820524717559371
120.870591293384,-2.48651662971086,-20.1401280981831,-0.105723991820505,0.754742157115014
120.942590825106,-2.52869023192777,-20.1984728874856,-0.0533792357054728,0.685017954059004
121.00785080349,-2.56736206502942,-20.2510378357432,-0.146678556071451,0.623084881363242
121.067539080222,-2.60291717808774,-20.2989827641444,-0.0426090620035158,0.57129487647344
121.122220513555,-2.63590579348513,-20.3425895152125,-0.188929054151454,0.522577040800099
121.172260640916,-2.66619755821007,-20.3824202183233,0.530676399766852,0.481073328595848
121.218917343683,-2.69482156173231,-20.4192764492655,18.7167865241519,0.45505394484228
121.264116401734,-2.72167303837024,-20.4557344642933,-10.6381759026691,0.454817062702875
121.307960412736,-2.71863651955522,-20.5163189686421,7.71310554763083,0.413636764770157
121.356200457948,-2.75625023343088,-20.5478579613811,-2.50972865343513,0.575427600690479
121.428984930048,-2.7989094397241,-20.6078810242517,-0.453460581423884,0.788105154986697
121.522114264923,-2.86370732267478,-20.6755618808319,-0.221804119590667,1.07398586308181
121.640029959246,-2.94854096149362,-20.7584131253831,-0.235747528323631,1.29788515941634
121.777506272123,-3.04945264755042,-20.8526072791323,-0.17110311104933,1.45934435584643
121.92798513814,-3.16272683087275,-20.9521956753687,-0.156523045906431,1.55546211098375
122.085537152971,-3.28357796760835,-21.0532627439373,-0.173795936283764,1.59533136643569
122.245105002178,-3.40820558538593,-21.1524237725748,-0.183011188906253,1.58878531527751
122.402548734181,-3.53376884568169,-21.2466957776812,-0.315926232677013,1.54963073147382
122.556512205447,-3.65923640907817,-21.3352539899493,-0.371075892438863,1.53160356132954
122.712259102167,-3.79039416564351,-21.4187084020934,-0.49185893469144,1.59013951450962
122.878033111507,-3.93476766408888,-21.4999426094451,-0.578381768198759,1.73204366415361
123.060946452323,-4.10043477839275,-21.577670100668,-0.6201429332007,1.92643643989165
123.26356358655,-4.29139894625127,-21.6458722504806,-0.676341699615445,2.11983891539378
123.484966258316,-4.50728743111158,-21.6958989812464,-0.697888388691307,2.31311541406465
123.727384564974,-4.7485516096143,-21.7177102883475,-0.57647360420307,2.54200512642942
123.994808174044,-5.01473080588407,-21.7006520206841,-0.682280160183774,2.80547321885552
124.288497806721,-5.30281290195806,-21.641094274417,-0.562885753309604,3.07770337675706
124.608144777589,-5.5993786025856,-21.5194906073129,-0.468804560121848,3.34487225540987
124.954998467688,-5.89469458846339,-21.3358964647582,-0.421445967739163,3.62658647587992
125.332079013724,-6.18190955094813,-21.0905898737111,-0.345937130467307,3.93545797857527
125.740866099878,-6.45044839141533,-20.7821621581254,-0.286810324643058,4.24189270826569
126.179979342272,-6.69241281457133,-20.4161506813515,-0.242482283761554,4.52843976412576
126.64793556553,-6.90228621506816,-19.9985607509123,-0.200386259406998,4.81228783672112
127.14406425382,-7.07623357463147,-19.5345070272965,-0.162437141531325,5.09116803637285
127.667063922473,-7.21280703363245,-19.0299413008931,-0.121872316606245,5.3501341789408
128.214562684693,-7.31253847628752,-18.4916107828324,-0.0817368945015195,5.58762936799563
128.784789258792,-7.38030776783876,-17.9252645540062,-0.0441361048798001,5.80852825351005
129.375624130485,-7.42405215746812,-17.3358769329806,-0.0183404888739232,6.01262037954668
129.985717519893,-7.45382325163709,-16.7264749564589,-0.00241247004169598,6.1906642042823
130.61186926138,-7.47754744519495,-16.1009302825994,0.0145523511068809,6.33584597544213
131.250695689887,-7.500805148409,-15.4627408323629,0.0160631414940245,6.44818777914458
131.899436336984,-7.53035788202244,-14.814775818693,0.00834416811880383,6.53228622829293
132.555895098437,-7.56702021792016,-14.1592618044005,-0.00165305377538332,6.6000704786065
133.219377134533,-7.60767263590424,-13.496814589504,-0.00979568007381359,6.67937617907975
133.891521135517,-7.64812913118668,-12.8256721683852,-0.0177169801466083,6.78070112788876
134.574883696306,-7.68483318756764,-12.1431840115431,-0.0195239157948862,6.89203865333798
135.269500050854,-7.71386784003257,-11.4491893388316,-0.024995552121983,7.00720631461729
135.975597198541,-7.73396664709363,-10.7434316310246,-0.0335140843936228,7.1177506923474
136.69153508392,-7.74188694270072,-10.0276041437644,-0.0433172214312831,7.21300818707337
137.417768035696,-7.73274486682812,-9.30150054429045,-0.0541410131155047,7.31540943914866
138.155641056146,-7.70062085082805,-8.56439467881872,-0.0634638615408384,7.43835328091281
138.905471076529,-7.63855735572355,-7.81720503694066,-0.073076753477185,7.55410125994742
139.665827956843,-7.54013847243783,-7.06331340173472,-0.0820351486118024,7.63422295448038
140.431987504995,-7.39923392663239,-6.31029480836403,-0.0901777167198246,7.66693543532341
141.199953244512,-7.21095153276312,-5.56584548763081,-0.100322573744962,7.64826789910738
141.96398160705,-6.97252980755412,-4.8400139285604,-0.109927666806768,7.5749377750153
142.718472130663,-6.68214970824046,-4.1436383251329,-0.122452347428449,7.44620724676023
143.458351047856,-6.3406618869377,-3.48729307664907,-0.133162907975486,7.26518578374927
144.179768868388,-5.94975592425498,-2.88119411744895,-0.136524170308479,7.07105161732683
144.884291883595,-5.51189143701447,-2.33008306256444,-0.122624921907754,6.90943422197973
145.573888484192,-5.0323080544503,-1.8351978214762,-0.142210681262725,6.78504511095815
146.251550737576,-4.52003222046708,-1.39025936494349,-0.123219228858399,6.69121534957055
146.918381125995,-3.97542959719881,-1.0039648857619,-0.102756210287796,6.61679747322268
147.576809336585,-3.40808942541047,-0.668891377525669,-0.0877861532265349,6.53811108549561
148.226052259717,-2.82766027028569,-0.377898575494442,-0.0806043279361916,6.43905999402486
148.864430978948,-2.24149901307598,-0.125430935538227,-0.0785035750952243,6.31734496724844
149.489816902469,-1.65503332520799,0.0914197455913388,-0.0782755507464939,6.18163595402971
150.101259876146,-1.07161121082404,0.274421845910886,-0.0757455212649653,6.04438082906922
150.699186613382,-0.492947363476059,0.425260546393328,-0.0703884555710722,5.9168307782309
151.285067078055,0.0802768045748046,0.546689266874472,-0.0641434878642848,5.80628885197483
151.860809676841,0.648053392437158,0.642261197711978,-0.0577321715420387,5.71413999232831
152.428224025635,1.21072390414558,0.71541066198508,-0.0598788190305181,5.63789525383422
152.988782057314,1.76867906720549,0.769203889411861,-0.0598788190305181,5.57518734199325
