s,x,y,kappa,n_l,n_r
0.0,-4.882160008533675,-21.71655958369345,-0.7019396532256539,2.643447840783811,0.35009871074734006
0.09997494170757654,-4.9816187019875455,-21.70712618546316,-0.6386111351565221,2.5684009331575828,0.3700650133213562
0.19994988341515307,-5.080365895359873,-21.69135554078186,-0.5735767647319947,2.474443039878848,0.40844259130436694
0.2999248251227296,-5.177919042444273,-21.66991432219545,-0.552796350711528,2.3787938355833567,0.42711343249483497
0.39989976683030615,-5.274298653447174,-21.643068236553166,-0.5355940774716325,2.282673847657016,0.4556872463720268
0.4998747085378827,-5.368995728485495,-21.61115393542029,-0.5076621104062462,2.1875800516402877,0.4982933530390182
0.5998496502454592,-5.462003588583595,-21.57445533580863,-0.485630077655818,2.094675875219858,0.5437025838551935
0.6998245919530357,-5.553030749276221,-21.53329045376689,-0.4919376730114292,2.0038083627106027,0.5912588003744824
0.7997995336606123,-5.642028624891917,-21.487647975497396,-0.49018577788166445,1.9145430167551085,0.6470359578574
0.8997744753681889,-5.72862879633994,-21.43777096773774,-0.4577287591947528,1.8283286691851466,0.7020386262071144
0.9997494170757654,-5.812924477602107,-21.38393667933552,-0.430764922645602,1.7436779582840731,0.758936811978727
1.0997243587833418,-5.894764255077599,-21.326556475411294,-0.41068639267365203,1.6620085872205135,0.8208465102365048
1.1996993004909184,-5.974195245817594,-21.265853820335877,-0.39242366329745054,1.5826862617722468,0.8752288958412061
1.299674242198495,-6.051162947578346,-21.20209258913352,-0.38058146960435,1.5084758378007523,0.9284769487783636
1.3996491839060714,-6.125680373878284,-21.13542139485074,-0.36876931816305153,1.440149276809056,0.9860378678052945
1.499624125613648,-6.197661965151177,-21.066077309683713,-0.35559854392013257,1.378650880689015,1.0471737845125786
1.5995990673212246,-6.267158979124656,-20.994191412978473,-0.34349882392136655,1.3219080435184294,1.1113584368307425
1.6995740090288012,-6.3341222371072705,-20.919986828549852,-0.3332187493134165,1.2704257215714714,1.17806366251977
1.7995489507363778,-6.398600072019689,-20.843564942304724,-0.3231411605894594,1.2081772968526947,1.2421012257793476
1.8995238924439541,-6.460555521621185,-20.76512597261283,-0.31296733392766846,1.1468864608438383,1.3040659477138337
1.9994988341515307,-6.520045467108982,-20.684761310971766,-0.3031289553115216,1.0870544173179446,1.3638599136439402
2.0994737758591073,-6.5770562852855,-20.60265473462318,-0.2934172825427759,1.029624452980576,1.4213604299406188
2.1994487175666837,-6.63164876710985,-20.51888875022579,-0.28390627215091574,0.9748915239711369,1.4755190536358882
2.2994236592742605,-6.683829264289628,-20.433627851447785,-0.2744099439609789,0.9228150400500269,1.5274210307475646
2.399398600981837,-6.7336626508963215,-20.34694748620517,-0.2652329002847421,0.8732998590121654,1.5771371507399654
2.4993735426894133,-6.781170026388441,-20.25899484636914,-0.2563273936527887,0.8269746873605214,1.624638774702944
2.59934848439699,-6.826416986969216,-20.169835877835684,-0.24762151902664126,0.7824290883753425,1.6699550662159122
2.6993234261045664,-6.869435103244856,-20.079600642321584,-0.23903622755782303,0.7510537998206702,1.7130909771601135
2.799298367812143,-6.9102917255047345,-19.988347142927783,-0.23064155667541594,0.7344612837625208,1.7351535644753826
2.8992733095197196,-6.949027145927624,-19.8961906677427,-0.22238507638795355,0.7089070486399413,1.7592289409140878
2.999248251227296,-6.985709728192132,-19.803181499022546,-0.21429281025509084,0.6718765529956799,1.7864657711676621
3.099223192934873,-7.020386419611259,-19.709421000437374,-0.20632450088894216,0.6369219270679509,1.816777428771112
3.199198134642449,-7.0531261153615565,-19.614952466235813,-0.1984910182497097,0.6039642504544013,1.8470306361136697
3.2991730763500255,-7.0839809536103475,-19.51986450388149,-0.19075868629057957,0.5729403571955797,1.877990457138182
3.3991480180576024,-7.1130201327687175,-19.42419423304764,-0.1831444082457106,0.543773409067887,1.9071291877902135
3.4991229597651787,-7.140299860177429,-19.328018431271058,-0.17562391516748585,0.5163991170955606,1.9343172160517201
3.5990979014727555,-7.165889251816617,-19.231368901465416,-0.16820080365884318,0.49074262273421976,1.9598229300151748
3.699072843180332,-7.189847668443589,-19.13431124540111,-0.1608553891743281,0.4787023153605394,1.9837140050369357
3.7990477848879083,-7.212243947155899,-19.03687297525719,-0.153592476249075,0.4888892357160407,2.006056209496799
3.899022726595485,-7.233139916062351,-18.939109061675477,-0.14639803866975482,0.4739377908196293,2.026908398183557
3.9989976683030615,-7.252603935697865,-18.841043769762468,-0.13927135338928634,0.4544063725923163,2.0463370497121938
4.098972610010638,-7.270699726157641,-18.74272182906755,-0.13220225310658373,0.43625529454135364,2.0644040317545427
4.198947551718215,-7.287495079745481,-18.644165343897804,-0.12518856070022355,0.41941499071183796,2.0811759605920632
4.298922493425791,-7.303055152186022,-18.545409135865,-0.11822384335670533,0.4038182146937783,2.096716846880421
4.398897435133367,-7.317447136711973,-18.446474143035285,-0.11130323205034183,0.38939647718126935,2.1110931210037647
4.498872376840944,-7.330737232419961,-18.347385645778136,-0.10442398654022607,0.376082259479831,2.124370289738061
4.598847318548521,-7.342992027993399,-18.248164608810537,-0.09757765817050067,0.3701851082187985,2.136614410874277
4.698822260256097,-7.354278492855764,-18.14882695978779,-0.09075993171940012,0.3767402075780988,2.1462177335170844
4.798797201963674,-7.364662840396703,-18.049393699743035,-0.08396272277666486,0.393289599463512,2.1376643580178523
4.89877214367125,-7.374212529023051,-17.949872749334034,-0.07719033303604533,0.3837366914269132,2.13292673105446
4.9987470853788265,-7.3829934585721535,-17.85028619006246,-0.07043850995144486,0.3749557012067302,2.13209868519928
5.098722027086404,-7.391073345208206,-17.750634231516816,-0.06370927166447815,0.3668791785273446,2.135252163376533
5.19869696879398,-7.398517730861322,-17.65094139377062,-0.05689761649411988,0.3594397036753353,2.142435798762906
5.2986719105015565,-7.405395594493728,-17.551200007580725,-0.04990645015674577,0.35256924132782774,2.1493069798769127
5.398646852209133,-7.411775178973636,-17.451434368572325,-0.042884773759094094,0.34619763982774804,2.155680549910603
5.498621793916709,-7.417727470322081,-17.351634707241974,-0.035814118067832974,0.34025506714865134,2.16162765974679
5.598596735624286,-7.4233219738351,-17.25181972913414,-0.029451490459633217,0.3580852638231757,2.1672174065839043
5.698571677331863,-7.4286217087559345,-17.15198325790039,-0.024583517396415115,0.38098427708349286,2.1725129107490564
5.798546619039439,-7.433675828673049,-17.052138063494635,-0.019864008108394306,0.37598690264983115,2.177563052972394
5.898521560747016,-7.438531615597271,-16.95227894145001,-0.015457616341350702,0.37118591954625413,2.1824152037102413
5.998496502454592,-7.443232872044312,-16.852416809779978,-0.011054537426789732,0.3665391804086001,2.187112937223132
6.098471444162168,-7.447823955075938,-16.752545158175447,-0.0066613622656476095,0.36200177218782714,2.1917007270527162
6.198446385869746,-7.452348265257429,-16.652675654448455,-0.0024258925432615657,0.35753220141363606,2.196221735647346
6.298421327577322,-7.456848281473572,-16.552800981430913,0.0014741180448062082,0.35308739649830484,2.1942196916972603
6.398396269284898,-7.4613626734629035,-16.452931052752266,0.004455649963263819,0.34863046470232245,2.1810014621736777
6.498371210992475,-7.465920205215033,-16.353060184823846,0.0055028504905132135,0.34440528467133763,2.1723511061814906
6.598346152700051,-7.470532577347009,-16.253192477653517,0.006133355055354213,0.3682918845485061,2.1683356322809364
6.698321094407628,-7.47520554858035,-16.153326956546625,0.005890761872032784,0.38240022509320265,2.1689864369165996
6.798296036115205,-7.47993735607301,-16.05346365194004,0.005631067012847514,0.37768954783924974,2.173719814375241
6.898270977822781,-7.48472533177686,-15.953603509361004,0.00533524649530472,0.3729236762785168,2.1785094073922595
6.9982459195303575,-7.489566580266021,-15.853745757544708,0.00504146627500236,0.36810548716363756,2.183352307804053
7.098220861237934,-7.494458152968951,-15.753890636722517,0.004751911145756774,0.363237989129964,2.18824557173534
7.198195802945511,-7.499397171003081,-15.654037697508036,0.004461874866708832,0.35832406907156955,2.1931863130760965
7.2981707446530875,-7.504380721969217,-15.554187127197235,0.00417083242792014,0.3533666998015776,2.198171623210486
7.398145686360664,-7.509405916450666,-15.454338477445628,0.0038799019041453843,0.34836878144195677,2.2031986054844617
7.49812062806824,-7.514469832998253,-15.354491948462272,0.003589197852680103,0.3492679318708437,2.2082643424613004
7.598095569775817,-7.519569585515131,-15.254647078947837,0.00329847909852857,0.37759845825534805,2.213365940549761
7.698070511483393,-7.524702254651899,-15.154804060797714,0.0030077194193617075,0.3819427532043179,2.21850048427022
7.79804545319097,-7.529864954391069,-15.054962428550331,0.0027169689414817356,0.37678447198885273,2.2236650800027995
7.898020394898547,-7.535054765408692,-14.955122364027599,0.0024262305567826843,0.3715992910405617,2.213531922153998
7.997995336606123,-7.5402688022054125,-14.855283398619878,0.0021354970648134754,0.3663900946083334,2.2063674028000455
8.0979702783137,-7.545504145593578,-14.755445711374731,0.0018447659328346606,0.3611598168033139,2.199855817595753
8.197945220021277,-7.5507579105413365,-14.655608829046109,0.0015540398330752888,0.3559113410751581,2.1974315905328563
8.297920161728852,-7.556027178015434,-14.555772926655985,0.0012633168569171132,0.3506476019533712,2.1995690064903037
8.39789510343643,-7.56130906333922,-14.45593752783553,0.0009725988399666275,0.3453714821346243,2.204852076541233
8.497870045144005,-7.566600647546236,-14.35610280611944,0.0006818838001981957,0.3516465217593527,2.2101448569116675
8.597844986851582,-7.571899046274117,-14.256268282073787,0.00039117341213034914,0.3847263975647054,2.2154444591921885
8.69781992855916,-7.577201340592083,-14.156434128969734,0.00010046538732331677,0.3794828461580965,2.2207479660742804
8.797794870266735,-7.582504646356693,-14.056599865242532,-0.00019023758998876715,0.3741779227937837,2.226052489262072
8.897769811974312,-7.58780604464016,-13.95676566520944,-0.0004809374485546648,0.3688749049949941,2.2313551114405783
8.997744753681888,-7.593102651495282,-13.85693104507751,-0.0007716338979053259,0.3635766890094564,2.236652944404877
9.097719695389465,-7.598391547922769,-13.757096182113981,-0.001062330774531395,0.3582861878608515,2.2419430707775
9.197694637097042,-7.6036698493215935,-13.657260624549155,-0.001347167343517769,0.3530062976181125,2.2472226019073887
9.297669578804618,-7.6089347042578535,-13.557424534661424,-0.0016199564039254967,0.3477398641824603,2.2383949656031765
9.397644520512195,-7.6141834035598635,-13.457587426574943,-0.001867009900046959,0.3424896092726551,2.2279338873930405
9.49761946221977,-7.619413495857147,-13.357749565532927,-0.0020612204653061043,0.3544278816200935,2.221907768893875
9.597594403927348,-7.624623031850725,-13.257910319205422,-0.0022484065470506093,0.38309351711149076,2.220350714531015
9.697569345634925,-7.629810119584142,-13.15807022559841,-0.0024212086116781675,0.37791259929930904,2.223270264248803
9.7975442873425,-7.634973059810532,-13.058228493356955,-0.0025940562712061573,0.3727560969426464,2.2284332428562914
9.897519229050078,-7.640110086905389,-12.958385811611068,-0.002767008114671533,0.36762572272626687,2.233570318372508
9.997494170757653,-7.6452195140935615,-12.858541324658477,-0.0029396312975574776,0.36252323420796856,2.2386798034018125
10.09746911246523,-7.650299578635709,-12.758695727303587,-0.003111591158115725,0.3574503398285555,2.2437599351159663
10.197444054172808,-7.655348583030713,-12.658848315395971,-0.0033501187182103046,0.3524087967700825,2.2488090153445457
10.297418995880383,-7.660364021206769,-12.55899964731868,-0.003725034768347736,0.3474010642284288,2.2538245379466524
10.39739393758796,-7.665342247924228,-12.459148723475051,-0.004358233376176596,0.3424308662317577,2.2588028567093077
10.497368879295536,-7.670276538426805,-12.359296257250087,-0.005520939626174893,0.3601181020176524,2.2637372469270947
10.597343821003113,-7.675155753453964,-12.259440055531254,-0.006745477324466079,0.380452865311881,2.268616567257496
10.69731876271069,-7.679967479367095,-12.159581651882606,-0.008097259395352305,0.3798007599068369,2.2734284046649185
10.797293704418266,-7.684698430514162,-12.059718028426163,-0.009448854447482098,0.3750970453716785,2.2781594703224517
10.897268646125843,-7.689334980881788,-11.959851332521415,-0.010800355698460632,0.3704880251907424,2.265148603328329
10.997243587833418,-7.69386375710531,-11.859978344948136,-0.012151629069354875,0.36598737107458296,2.2549764015035247
11.097218529540996,-7.69827113926143,-11.760101276052353,-0.013502697950060559,0.3616082695399986,2.24908502075194
11.197193471248571,-7.7025437512861705,-11.66021708915046,-0.014814519667084034,0.35736436047550696,2.247494477375497
11.297168412956148,-7.706668426935904,-11.56032805256332,-0.016045539890515974,0.35326834711979876,2.2502008875941795
11.397143354663726,-7.710632927394243,-11.460431101316198,-0.017218678884888376,0.34933273539746446,2.254164475948284
11.497118296371301,-7.714425490882929,-11.360528930723186,-0.018272725145051672,0.34556875216041927,2.2579561814536464
11.597093238078878,-7.718035595161021,-11.260618328680131,-0.019387020376385095,0.36970503461294757,2.2615655063191915
11.697068179786454,-7.721451895021567,-11.160702492103672,-0.020626896121736765,0.3863036866642481,2.264981079202199
11.797043121494031,-7.724662193013471,-11.060778288541968,-0.021867370193173676,0.38310692389053747,2.2681907263784873
11.897018063201608,-7.727653984561856,-10.960848801630462,-0.023108913013163906,0.3801277592284214,2.271181918525441
11.996993004909184,-7.730414937912585,-10.860911294976104,-0.02435057106240496,0.3773782156581559,2.273942344473195
12.096967946616761,-7.732932556629898,-10.760968701878603,-0.025592629774255898,0.3748709384321777,2.276459484641173
12.196942888324337,-7.735194481545061,-10.66101867592107,-0.026835973742769734,0.3726180079528935,2.2787209974675364
12.296917830031914,-7.737188212620946,-10.561064209765386,-0.028082074023160982,0.3706320854607468,2.28071435972033
12.396892771739491,-7.7389013331194025,-10.461103321267725,-0.02933502480461467,0.3689253423712332,2.2796551932637525
12.496867713447067,-7.740321256659063,-10.361139006634954,-0.030602440656536105,0.36751053699846564,2.262919981962653
12.596842655154644,-7.741435347691406,-10.26116972040809,-0.031867913856610586,0.37160126495749274,2.250201311886631
12.69681759686222,-7.742230926957793,-10.161198447899588,-0.03312899265426971,0.40166384968435254,2.2415553325977826
12.796792538569797,-7.7426953957684646,-10.061224082898544,-0.03438542660032823,0.41396680753644455,2.2370165686245964
12.896767480277374,-7.742816189047803,-9.961249659295987,-0.03563162803377234,0.41384584685870196,2.236597618199286
12.99674242198495,-7.742580843611151,-9.861274537807253,-0.03687847708092367,0.4140809031819764,2.23636196545445
13.096717363692527,-7.741976903863878,-9.761301795359223,-0.03812624936626057,0.4146845039068068,2.2357577310936367
13.196692305400102,-7.740991898290345,-9.661331328917479,-0.0393736481417208,0.41566911543438384,2.2347724470707737
13.29666724710768,-7.739613389882378,-9.56136619281603,-0.040619529099053,0.4170472460373401,2.233393626399412
13.396642188815257,-7.737828930580358,-9.461406883348795,-0.041865108770514727,0.4188313530348075,2.2316088143900243
13.496617130522832,-7.735626124161892,-9.361456428614803,-0.04310915668606583,0.42103390239516064,2.22940556533437
13.59659207223041,-7.73299255738057,-9.261515974778007,-0.044353084821434394,0.4329801613022423,2.2267714483869563
13.696567013937985,-7.7299158728121995,-9.161588507460417,-0.04559557847609661,0.4505527758233559,2.223694057429006
13.796541955645562,-7.726383701787418,-9.061675881066064,-0.04683803644231519,0.48027187710347324,2.2201609943287512
13.89651689735314,-7.7223837225251675,-8.961781007219992,-0.04807895996937396,0.4842693573137267,2.2161598901091932
13.996491839060715,-7.717903625839856,-8.861906510230297,-0.04932001492198533,0.488746464532733,2.2116783935064985
14.096466780768292,-7.712931122664197,-8.762055205718227,-0.050559576783866675,0.4937154600496504,2.2067041705327326
14.196441722475868,-7.707453979056523,-8.662230550372938,-0.05179945608359727,0.4991885470574421,2.2012249321073307
14.296416664183445,-7.701459932953616,-8.562435234918606,-0.05303787207064961,0.5051779846229557,2.190083126964821
14.396391605891022,-7.6949368435269365,-8.462673601638992,-0.05427669859896568,0.5116958913847018,2.165685204338374
14.496366547598598,-7.687872470397188,-8.362948196581938,-0.05551392811562022,0.5187545363374034,2.145138824022509
14.596341489306175,-7.68025479083838,-8.263264326477252,-0.05675213361909566,0.5263659366778684,2.1285441818151254
14.69631643101375,-7.672071574672239,-8.163624351494228,-0.05798943211546438,0.5345423904317548,2.1159821808521997
14.796291372721328,-7.663310930814919,-8.064034582833408,-0.05922731598937051,0.5432958101977845,2.1072318505917353
14.896266314428903,-7.653960631698663,-7.9644971876058035,-0.060463146826043215,0.5630453396809771,2.0978932728649267
14.99624125613648,-7.644008959918578,-7.865019526805622,-0.06170056233324738,0.5995927254751551,2.087954955050144
15.096216197844058,-7.633443683271835,-7.7656035653490525,-0.06293764835480146,0.6237144424643877,2.077404790721507
15.196191139551633,-7.622253275747096,-7.666257853645261,-0.06417551208579629,0.6348671302958709,2.0662315405108944
15.29616608125921,-7.61042547675305,-7.566984041820396,-0.06540992918933673,0.6466556281702545,2.054423100438266
15.396141022966786,-7.597949011684525,-7.467791820110605,-0.06664916602497573,0.6590912499962568,2.0419685583118383
15.496115964674363,-7.5848115735796116,-7.368682631609307,-0.06789548224066529,0.6721867266863442,2.0288558104660486
15.59609090638194,-7.571002039701256,-7.269667339824198,-0.06915333421854863,0.6859532926645987,2.0150741930981884
15.696065848089516,-7.556507879351598,-7.170747231103494,-0.0704331355062075,0.7004039954944906,2.0005744733997886
15.796040789797093,-7.541317979257812,-7.071934569014322,-0.07171652276538829,0.7155501436788279,1.9853602253209954
15.896015731504669,-7.52541950376871,-6.973230270592652,-0.0730009860338351,0.7314051937602453,1.9694353595778258
15.995990673212246,-7.5088016393309935,-6.874647931436693,-0.07428670780688887,0.7479802609441305,1.9527888858271825
16.095965614919823,-7.491451475022778,-6.776188244129094,-0.07556886815895017,0.7740559723401133,1.935408058713337
16.1959405566274,-7.473358613262328,-6.677866079785862,-0.07685610321701271,0.8123699336033937,1.9172823597982147
16.295915498334974,-7.454510074260342,-6.57968199895758,-0.07814727957180764,0.8527403333643458,1.8983990630896426
16.395890440042553,-7.434895838173074,-6.481652250081564,-0.07944210037690969,0.8722634919485662,1.8787481182790413
16.49586538175013,-7.414502765771905,-6.3837771118115745,-0.08073632591400803,0.8925678758818715,1.8583167656300106
16.595840323457704,-7.393321320353624,-6.286074243514863,-0.08203555739416928,0.9136635949996889,1.837095577575242
16.695815265165283,-7.371338230377381,-6.1885437144577455,-0.08333721371880155,0.9355651803129215,1.815071833003094
16.79579020687286,-7.34854445503263,-6.0912045854765715,-0.0846440571447255,0.9582824324532317,1.7922368081560895
16.895765148580434,-7.324926563126641,-5.994056779661429,-0.08595255020510445,0.9818301613609001,1.76857785700772
16.99574009028801,-7.300476072073665,-5.897120774167843,-0.08726755329810541,1.006217823407999,1.7440871147915413
17.09571503199559,-7.275179371446219,-5.8003963457423104,-0.08858638906481688,1.0314605293483727,1.7187520815307626
17.195689973703164,-7.249028557468508,-5.7039053708419605,-0.08991126661738359,1.057567399772047,1.6925658999056459
17.29566491541074,-7.2220098373283435,-5.607647570532632,-0.09123827475757221,1.0845538511098813,1.6655163385684768
17.39563985711832,-7.194115957074265,-5.511646189902799,-0.09257423234571557,1.1124286276823112,1.637597795464557
17.495614798825894,-7.165332934635061,-5.415900967496647,-0.0939179052681161,1.1454893128759793,1.6087984803338575
17.59558974053347,-7.135654151579981,-5.320436527641571,-0.09526713018554425,1.1869173963987536,1.5791142785705843
17.69556468224105,-7.105065433255345,-5.225252677856011,-0.0966150221241248,1.2358849970132735,1.5485340954677285
17.795539623948624,-7.073560922027811,-5.130375247371486,-0.0979755860722986,1.2829900936751302,1.5170557770546687
17.8955145656562,-7.0411263088412595,-5.035804314258006,-0.09935145950483038,1.3154136444304367,1.4846693562592441
17.995489507363775,-7.007756354110128,-4.941566972118893,-0.1007380670496137,1.348796049024132,1.4513749961151783
18.095464449071354,-6.97343651287721,-4.847663659848385,-0.10213266547995523,1.3831542729889705,1.417164310023673
18.19543939077893,-6.9381622511540355,-4.75412256307324,-0.10350276283184871,1.418495534448786,1.3820405929105284
18.295414332486505,-6.9019192804349325,-4.6609444502571264,-0.1048056969635665,1.454836714618534,1.3459983570305665
18.395389274194084,-6.864704866791008,-4.568158369961177,-0.10609953076027095,1.492183656456552,1.3090461979819743
18.49536421590166,-6.826505456177015,-4.475765165201536,-0.10735524433548851,1.5305526840023922,1.2707403482577901
18.595339157609235,-6.787319664357185,-4.3837944307873435,-0.1086237590529691,1.569948728713035,1.231316235989944
18.695314099316814,-6.747134317874183,-4.292247593696907,-0.10990587052478373,1.6099995580973658,1.1909211539235696
18.79528904102439,-6.705948611790901,-4.201154709052709,-0.11120477706089052,1.650959292582785,1.1495656125334206
18.895263982731965,-6.663749549733829,-4.110518549431322,-0.11252266322564727,1.692982821471766,1.1072515516198074
18.99523892443954,-6.620536810220268,-4.020369628876693,-0.11386931227858595,1.7360741980382555,1.0639969215794138
19.09521386614712,-6.576297370906601,-3.9307119397669235,-0.11525424135579374,1.7802507667965521,1.019812032573729
19.195188807854695,-6.531031135816358,-3.84157653157458,-0.1166636120071719,1.8255168971694693,0.9751648978454454
19.29516374956227,-6.484725116626108,-3.752968942885193,-0.11810377177293281,1.8718901390896228,0.9310692035967091
19.39513869126985,-6.437379248081029,-3.664920124264032,-0.11958134365164722,1.9193754018073714,0.8948834318041492
19.495113632977425,-6.388981015412046,-3.577438027950976,-0.12111590188829516,1.9684365894646112,0.8675837439341195
19.595088574685,-6.3395303679142545,-3.4905541864109995,-0.12268415752325942,2.022262101498751,0.8344692939423093
19.695063516392576,-6.289014900385976,-3.40427846017031,-0.12428562846277982,2.080493508698157,0.783331337172805
19.795038458100155,-6.237433371618464,-3.318640471080842,-0.12596490313493997,2.142770332003463,0.7312323778190226
19.89501339980773,-6.184774838888229,-3.2336547699285516,-0.12779123857419405,2.2087590264668555,0.6782736900043684
19.994988341515306,-6.131039663761262,-3.1493563072512374,-0.12962666603011813,2.275513440395369,0.6311745143067707
20.094963283222885,-6.076214213608676,-3.065757454107403,-0.1313652084325136,2.3303417210402673,0.595991429198814
20.19493822493046,-6.020290641425273,-2.9828785837918437,-0.13332399214310675,2.386387894277589,0.5692240804329894
20.294913166638036,-5.963265986827932,-2.900751424522702,-0.13588309180351735,2.4436621824999976,0.5171257765873852
20.394888108345615,-5.905149951728948,-2.819433037685142,-0.13809525892367985,2.50167501389528,0.4775940287598615
20.49486305005319,-5.8459140598559,-2.7389190074517704,-0.13906515963204905,2.5606913523696258,0.45552415661161927
20.594837991760766,-5.785536334911774,-2.6591990954435265,-0.14093799498606793,2.6210043328350197,0.4278405942193012
20.69481293346834,-5.724039155088678,-2.5803386444321426,-0.1454875956014484,2.6825997594266964,0.40098499426373746
20.79478787517592,-5.661430214506576,-2.502418687045788,-0.15115910804099716,2.7454799992981447,0.37832308205940757
20.894762816883496,-5.597663157866416,-2.425465967408405,-0.15568413644211457,2.8090575266896076,0.37988640423875514
20.99473775859107,-5.5327321247509005,-2.3495376595032127,-0.1516750324935275,2.873818485318949,0.3876307691295461
21.09471270029865,-5.466609769308149,-2.2745438611092816,-0.14057271214469236,2.939980178917094,0.39388465964308217
21.194687642006226,-5.399319738430752,-2.200360832277827,-0.13679987057360246,3.007526605423865,0.4159469852113693
21.2946625837138,-5.331099703858452,-2.1271986274871333,-0.14206410558902183,3.0755888526748856,0.4384728454707157
21.39463752542138,-5.262002592679106,-2.055188758346305,-0.1679908666065245,3.144538184311251,0.4592771898502175
21.494612467128956,-5.191673933365168,-1.9843153960416176,-0.20518739375593353,3.171604147821859,0.4927045168092553
21.59458740883653,-5.11986038526772,-1.9148119236594832,-0.19233856937095795,3.108344749045966,0.5134539173486948
21.694562350544107,-5.046599189109092,-1.8465812431825572,-0.15117125810048948,3.0484899456085346,0.5324216346915066
21.794537292251686,-4.972253919545255,-1.779432165236585,-0.1328606225800861,2.992020084665677,0.5642330727137824
21.89451223395926,-4.89722770099392,-1.7134616841316006,-0.12761819153476311,2.9391624226384803,0.5962522963160213
21.994487175666837,-4.821396255916614,-1.648479804189755,-0.12564282299186355,2.8777401730798347,0.6286403618744075
22.094462117374416,-4.744673645024901,-1.584388277430656,-0.12702068155481844,2.815171521357207,0.6567135903895885
22.19443705908199,-4.66713608961925,-1.521267369538056,-0.12465381503715657,2.755829938860959,0.6874832336896379
22.294412000789567,-4.588819417921829,-1.4591183670296624,-0.12007260122820637,2.6999283156367886,0.7270930793544461
22.394386942497142,-4.50975720620302,-1.3979120906619584,-0.11784991808481153,2.647652118442642,0.756305109370192
22.49436188420472,-4.429995195329677,-1.3376537832702031,-0.11683960691810999,2.59921952012474,0.7960143415983569
22.594336825912297,-4.349531390081795,-1.2783283604840447,-0.11550351172681153,2.554833164722232,0.8284185363071696
22.694311767619872,-4.268385020158283,-1.2199339154280204,-0.1140767127895326,2.499156183574726,0.8658199774261599
22.79428670932745,-4.1865765056772,-1.162468028343345,-0.11302612628525671,2.4418222329121986,0.8961848055590552
22.894261651035027,-4.104126332589266,-1.1059318846973474,-0.11212274125549224,2.385550476327816,0.9315009981123996
22.994236592742602,-4.021047042257419,-1.0503228890588088,-0.11102190232984065,2.3298532243320436,0.959670531410936
23.09421153445018,-3.937353961281868,-0.9956383181778133,-0.1098587776892935,2.2781407001688816,0.9930714800917074
23.194186476157757,-3.8530663707896,-0.941877003720551,-0.10880002798984194,2.2306881963512613,1.034108355325859
23.294161417865332,-3.7681978823672413,-0.8890349700182569,-0.10777349365054135,2.1877678239420515,1.073905744537326
23.394136359572908,-3.682767639381683,-0.8371119981744375,-0.10673111467397031,2.149648504326388,1.104314660768556
23.494111301280487,-3.5967840926599393,-0.7861010876248614,-0.10568896786861702,2.1153695235960397,1.1417205874601586
23.594086242988062,-3.5102710774791746,-0.7360042777672993,-0.10466977057774529,2.065422666342292,1.1788425272539964
23.694061184695638,-3.423232838862356,-0.6868122549161719,-0.10365992630524573,2.0164665041762495,1.2065384920737698
23.794036126403217,-3.3356962314739116,-0.6385285905510226,-0.1026597978900514,1.9682525113672324,1.229791015095692
23.894011068110792,-3.2476607366334114,-0.5911416004126457,-0.1016663294900304,1.9206352544204106,1.2559735228301012
23.993986009818368,-3.159157041084185,-0.5446565168640954,-0.10068423805865519,1.873989521501058,1.2884469523449227
24.093960951525947,-3.0701798690605036,-0.49905949532015237,-0.09970926269445723,1.8282982593716615,1.3267619446792138
24.193935893233522,-2.9807636057176228,-0.45435719654819096,-0.09874422612096294,1.7835646184319127,1.3617323447582732
24.293910834941098,-2.8908982543193926,-0.41053385377970897,-0.09778634834261164,1.739769687369825,1.384591017893055
24.393885776648673,-2.8006218746447713,-0.3675973616820814,-0.09683539398939042,1.6969183631333524,1.4132353265514999
24.493860718356252,-2.709919872598173,-0.3255302710928809,-0.09589116932944337,1.6562631184874026,1.4473364246621498
24.593835660063828,-2.6188338504029187,-0.2843414645760161,-0.09495630098247913,1.6216762998644474,1.48225665808675
24.693810601771403,-2.527344799896147,-0.24401210386475497,-0.0940288228993043,1.5935352621034484,1.5020118661099522
24.793785543478982,-2.435497592374352,-0.2045518249806791,-0.09310675278803443,1.5721899280135323,1.5271610765150463
24.893760485186558,-2.3432692487395363,-0.16594074046282636,-0.09219216586238199,1.5457027017181377,1.557458839275889
24.993735426894133,-2.250707478222831,-0.1281888603804702,-0.09125596509953762,1.5081861490745512,1.5926057104210436
25.093710368601712,-2.1577858609208453,-0.09127535799485978,-0.09032489208641843,1.4711444064790637,1.6178228813345217
25.193685310309288,-2.0645546493136613,-0.05521015140396076,-0.08938611909274247,1.4349045800830234,1.6395982434235687
25.293660252016863,-1.9709842213073712,-0.019971753473386557,-0.08845386875172113,1.399522235688351,1.6625404467777658
25.39363519372444,-1.8771270864258884,0.014430025372923462,-0.08752788301571765,1.365004102774836,1.6883795360488891
25.493610135432018,-1.7829506277079241,0.048016988978961235,-0.08660921762784626,1.3313272658144057,1.7133875765309887
25.593585077139593,-1.6885093009747765,0.08077947811265347,-0.08569273824154285,1.2984987717967613,1.7267589397126497
25.69356001884717,-1.5937677879973562,0.112739426832319,-0.08478331093202332,1.2664954379236597,1.744929293872929
25.793534960554748,-1.4987822061689509,0.1438875086673285,-0.0838764963974066,1.2353244706492994,1.7677493923077081
25.893509902262323,-1.4035152103296722,0.17424550128906777,-0.0829767379792759,1.2049626609272759,1.7950599838595396
25.9934848439699,-1.3080232499117197,0.203804861025815,-0.08207905081349172,1.1754169404802481,1.82464640769092
26.093459785677474,-1.2122686740189477,0.23258663328879473,-0.08118821471527869,1.1466646224326442,1.8534628412203675
26.193434727385053,-1.116306502449022,0.2605835776892356,-0.08029929740853363,1.1187118273500463,1.8747436016154597
26.29340966909263,-1.0201001583787825,0.2878156193308923,-0.0794169872723313,1.0915367853216915,1.883418659549275
26.393384610800204,-0.9237027037700635,0.3142769035097565,-0.07853636292342495,1.0651446877156976,1.8965433033412993
26.493359552507783,-0.8270787699452691,0.3399862653504101,-0.07766209877651276,1.0395146698419835,1.9140396487309101
26.59333449421536,-0.7302793626024923,0.3649391753504493,-0.07678935751171953,1.014651014452913,1.935788977143029
26.693309435922934,-0.633270421751283,0.3891534208612338,-0.07592270865630019,0.9905337412340108,1.960027459341079
26.793284377630513,-0.5361008322794958,0.4126257272824842,-0.0750574094306809,0.9671662541539494,1.983526263778407
26.89325931933809,-0.43873791278234664,0.43537288586391953,-0.07419793947356948,0.9445294288896725,2.006301071563386
26.993234261045664,-0.3412283898410201,0.457392801009584,-0.0733396744330892,0.9226258263191326,2.0192339846359184
27.09320920275324,-0.24354100787152705,0.4787013247535139,-0.07248696918425987,0.9014371458905753,2.0229842164188456
27.19318414446082,-0.1457203170909555,0.49929746208988585,-0.0716353318654452,0.8809651444111615,2.0309317026503773
27.293159086168394,-0.047736516019701115,0.5191961859658045,-0.0707889882877223,0.8611923105326365,2.0430383874455567
27.39313402787597,0.05036802239559786,0.5383975226424036,-0.069943590070217,0.8421196382553564,2.059234282728894
27.49310896958355,0.14862163152818644,0.5569156272615834,-0.06910322165193036,0.8237303703120804,2.077764024752123
27.593083911291124,0.24698410476183993,0.5747514689382457,-0.06826368629865226,0.8059898021596548,2.0956118890211295
27.6930588529987,0.34548230445047007,0.5919184461580768,-0.06742892134067137,0.788765084310612,2.112790789490037
27.79303379470628,0.44407816989158466,0.6084183943092778,-0.06659489005206273,0.7573054328522149,2.12930264156465
27.893008736413854,0.5427970972932409,0.6242640151415382,-0.06576537558835754,0.7174926236536373,2.1451597176892023
27.99298367812143,0.6416031452365966,0.6394579364140184,-0.06493650012666875,0.6906267842059253,2.1603648169979217
28.092958619829005,0.7405202544107561,0.6540122212749343,-0.0641118941997915,0.6761461885754679,2.174929618334868
28.192933561536584,0.839514571475458,0.6679302190583652,-0.06328785265514217,0.6623014905873665,2.1888577046648057
28.29290850324416,0.9386085960537877,0.6812234100862985,-0.06246783953948397,0.6490793351217445,2.20216020957394
28.392883444951735,1.0377705291230503,0.6938957978068301,-0.06164831124623982,0.6364768884414624,2.2148414098764135
28.492858386659314,1.1370214451066116,0.7059583329640577,-0.060832578187912136,0.6244813606275568,2.2269119417274013
28.59283332836689,1.2363315647703597,0.7174156093494496,-0.0600172593292524,0.6130894197965209,2.2383766946831454
28.692808270074465,1.335720555040384,0.728278098842365,-0.05920551128206039,0.6022888114834506,2.2364785037553747
28.792783211782044,1.4351606206697547,0.7385509251304365,-0.058394144292307826,0.5920757408502128,2.2306949395905753
28.89275815348962,1.5346700389278032,0.7482441289867089,-0.05758613040895333,0.5824384606038266,2.2288000790141944
28.992733095197195,1.6342229634847383,0.7573633068301814,-0.05677844337731384,0.5733727461929152,2.2308124070798128
29.09270803690477,1.7338362988677267,0.7659181136436334,-0.0559738985034948,0.5648673297844286,2.2367297515486118
29.19268297861235,1.8334861137692553,0.7739145650084819,-0.05516964084849521,0.556917587937884,2.2447275809153675
29.292657920319925,1.9331879569959944,0.7813619729683025,-0.054368322605856195,0.5495127046447954,2.252176186979599
29.3926328620275,2.032919778396192,0.7882667216899728,-0.05356726687803796,0.5388957614891617,2.259082034937319
29.49260780373508,2.132695786557653,0.79463782058941,-0.05276895583259202,0.4998024697806442,2.26545406042917
29.592582745442655,2.232495779997124,0.800481974833669,-0.05197087767639255,0.4792611187468423,2.2712990515053457
29.69255768715023,2.3323326444201165,0.8058079294938604,-0.05117535509071843,0.4739473769761148,2.276625687658888
29.792532628857806,2.432187993473257,0.8106226659415524,-0.050380078106995844,0.4691436532632273,2.281441031318954
29.892507570565385,2.5320734043761277,0.8149347005687281,-0.04958717634083218,0.4648407825588162,2.2857535407876957
29.99248251227296,2.631972275612295,0.8187512488016702,-0.04879447562081032,0.4610322903211272,2.289570508155762
30.092457453980536,2.7318948889770955,0.8220806324500098,-0.04800397069529447,0.4577092869171406,2.294595240998146
30.192432395688115,2.8318263962063805,0.8249302619236412,-0.04721364794046002,0.4548650619136888,2.3034741409691875
30.29240733739569,2.93177580684094,0.8273082968386402,-0.04642538287929228,0.452490968002395,2.3161714837954257
30.392382279103266,3.031729985642412,0.8292223048663845,-0.04563757932894305,0.45058008460697035,2.3326310467112545
30.492357220810845,3.1316966869177647,0.830680310658827,-0.04485169195554485,0.449123977554151,2.35149178857734
30.59233216251842,3.2316644587313164,0.8316900021015641,-0.0440663290074415,0.4460632253429945,2.352501362115139
30.692307104225996,3.3316398098135718,0.8322592958311761,-0.04328269318169102,0.4099412278669018,2.353070572008611
30.79228204593357,3.4316129404862523,0.8323959680255121,-0.042499360099469696,0.3968188142865188,2.353207155168949
30.89225698764115,3.5315891506247925,0.8321078558902655,-0.04171757912572334,0.3971068594284543,2.352918969757644
30.992231929348726,3.6315602398386635,0.8314027962812155,-0.04093612634710752,0.3978118757188064,2.352213820013996
31.0922068710563,3.7315303095068417,0.8302885717091967,-0.04015612289339511,0.39892605591831737,2.3510995046639653
31.19218181276388,3.831492723925349,0.8287730521811099,-0.0393764161507248,0.40044157003637776,2.3495838675191303
31.292156754471456,3.931450452163583,0.8268639873457917,-0.038597977790598044,0.40235065054474634,2.347674670020185
31.39213169617903,4.031398359013238,0.824569255866995,-0.03782023332828705,0.4046454496628847,2.3453797708306685
31.49210663788661,4.1313382465949635,0.8218965931220484,-0.03704355894981621,0.3895025703890453,2.342706912682141
31.592081579594186,4.231266473425365,0.8188538633579968,-0.03626585535239304,0.36950984434688366,2.339663946073491
31.69205652130176,4.331183771860688,0.8154488200926295,-0.03548993970821253,0.3642120438994584,2.3362586280030975
31.792031463009337,4.431087817549623,0.8116892931004014,-0.03472110247120408,0.36796388092541876,2.332498780151496
31.892006404716916,4.530978633864876,0.8075829802757779,-0.03394954936969417,0.37206161968550133,2.3283921016342872
31.99198134642449,4.630855276817891,0.8031376690587849,-0.03315265370951381,0.3764974970917615,2.32646831457332
32.09195628813207,4.730715652263337,0.7983613923623507,-0.032386741657569704,0.3812634561983407,2.3285076882933886
32.191931229839646,4.830561810051177,0.7932614208082377,-0.031845892982845396,0.37381617728513905,2.334507257914072
32.29190617154722,4.930388435155505,0.7878437354381352,-0.031367364262140825,0.3479332081359325,2.3444418806645575
32.3918811132548,5.030200364846757,0.7821122256824575,-0.03137545335811379,0.35011880526609496,2.353080130579488
32.491856054962376,5.129991037129601,0.7760678271866693,-0.031401672609455734,0.3551737319469054,2.347033689028186
32.59183099666995,5.229765939144315,0.7697097435706708,-0.031577792101000396,0.36147601752318076,2.3406734019332336
32.69180593837753,5.329515625856992,0.7630370118882105,-0.031751099524452625,0.3680907530057334,2.333998195156175
32.791780880085106,5.429247786613547,0.7560474550124263,-0.03187296172474737,0.37502117571639954,2.327005988171752
32.89175582179268,5.52895238645201,0.7487404954232083,-0.0318638337205454,0.3597494189398194,2.323034205938094
32.99173076350026,5.628633294805179,0.7411173647570077,-0.030794218088536374,0.34074901258901014,2.3230443366290197
33.091705705207836,5.728294888912825,0.7331870240061569,-0.030030801202295097,0.34865610900048943,2.3270458778760634
33.19168064691541,5.827923734448694,0.7249546964005469,-0.03190151144373428,0.3568682290158996,2.335021648175599
33.29165558862299,5.927538776401504,0.7164035466136996,-0.03392582119287349,0.36539976956456943,2.3376649310969224
33.391630530330566,6.0271115159838144,0.707513932621656,-0.03728101371356313,0.3742736249544126,2.3287686516920427
33.49160547203814,6.126662943078746,0.6982520905274218,-0.040632793729493466,0.38352081325227827,2.3194998208573443
33.59158041374572,6.226164375355412,0.6885870929838642,-0.043946713995844974,0.36249098793720846,2.31395539507239
33.691555355453296,6.325632733099412,0.6784839715099615,-0.047261972036037894,0.3515807617320907,2.312283824714699
33.79153029716087,6.425042258044326,0.6679120160800959,-0.05059216445218742,0.36216582618307797,2.314460773661915
33.89150523886845,6.524406604949056,0.656836322266222,-0.053922542942428583,0.37325663084051186,2.3204426076300106
33.99148018057602,6.623700676447961,0.6452261922318699,-0.05725453125619779,0.3848854996259867,2.316895153176649
34.0914551222836,6.722935316338874,0.6330468299908988,-0.060588640287356346,0.39708636952309917,2.3095951544081625
34.19143006399118,6.8220862397613296,0.6202676332464282,-0.06392938977802254,0.37459733605397466,2.3060041932761393
34.29140500569875,6.921160980395943,0.6068539735506123,-0.0672731482295507,0.3724414237174472,2.3061057487198386
34.39137994740633,7.0201363092347355,0.5927752622494894,-0.0706234873477723,0.38653894927407667,2.3098659808909456
34.49135488911391,7.119016091649541,0.5779971346381213,-0.07397848702177455,0.4013392074112445,2.3001733137224023
34.59132983082148,7.2177781825490275,0.5624889840168978,-0.07734257137668261,0.4168736795508135,2.2902506029221072
34.69130477252906,7.31642236927618,0.5462168199904899,-0.08071308351106565,0.4204175457144127,2.283890818997165
34.79127971423664,7.414927718371368,0.5291499405737472,-0.08409430453599041,0.41081892726619645,2.2810910863271427
34.89125465594421,7.5132896801437985,0.5112548491050031,-0.0874834362790031,0.417981844930376,2.281830649439154
34.99122959765179,7.6114884888275665,0.49250069863399254,-0.09088445723183292,0.43671829194019496,2.2715047963475787
35.09120453935937,7.709514918194454,0.4728546580056515,-0.09429650032536327,0.45635443804736797,2.262439383218654
35.19117948106694,7.807350457505153,0.4522856327420531,-0.09772870910654792,0.46335970391914044,2.25682677900735
35.29115442277452,7.904980798086755,0.43076160242165656,-0.10117332516256186,0.45596789196983456,2.253938983068588
35.3911293644821,8.002388662473384,0.4082511137047406,-0.10462946348746699,0.4711927944126706,2.238413955919724
35.49110430618967,8.099554716212644,0.38472319088380624,-0.10810059074825498,0.4946329016043151,2.2260643716123054
35.59107924789725,8.196462620398378,0.36014606828151063,-0.11159611516945296,0.5191405589866058,2.2170778656295815
35.69105418960482,8.293087590403784,0.3344900156102977,-0.11511279024843049,0.5201075308898779,2.2114619542775
35.7910291313124,8.389414415131418,0.30772263784634346,-0.11868336362014735,0.5271632392919046,2.2007933834403075
35.89100407301998,8.485412341019565,0.2798155140048957,-0.12227364712933685,0.549714529364384,2.1890325954471708
35.99097901472755,8.581067076866082,0.2507354684444886,-0.12585313876455145,0.5786541356031119,2.1805734351354893
36.09095395643513,8.676342512836534,0.2204560509728007,-0.1294529203646547,0.6088307043292256,2.1619645926118505
36.19092889814271,8.771224803822465,0.1889440118961625,-0.13300272194664126,0.6155101732378658,2.1426684069727484
36.29090383985028,8.865672071738704,0.1561757719781702,-0.1365838416685193,0.6281504809288523,2.1265826998701107
36.39087878155786,8.959671627618405,0.12211785544049122,-0.14017950060695955,0.6572380547035249,2.1048701075110094
36.49085372326544,9.053175038689576,0.08674958738795112,-0.14380963961862708,0.6924985222094677,2.0819048695889237
36.59082866497301,9.146170451372623,0.050036622915524374,-0.14748776229836943,0.7022826539737761,2.0621132870030676
36.69080360668059,9.238603548073861,0.011960927373172094,-0.1512030954083373,0.7224138220223544,2.0455597599949793
36.79077854838817,9.330462008013045,-0.027512592238096503,-0.15495106218567611,0.7567407749435808,2.032286118457228
36.89075349009574,9.421685722937468,-0.0683988670865953,-0.15874495212258796,0.7976124334032215,2.010437103093872
36.99072843180332,9.512261897854875,-0.11073374439465793,-0.16259031655448294,0.8128798208843172,1.9862275697717287
37.0907033735109,9.602124373971412,-0.15452868738755088,-0.16648565141857266,0.8399381844904927,1.9597386068038782
37.19067831521847,9.691259484241154,-0.19982037133489955,-0.1704371921780807,0.8791202180598368,1.9364165247084963
37.29065325692605,9.7795953243682,-0.24661652640638232,-0.174446123854327,0.926144846958517,1.9163522408352636
37.39062819863363,9.867116545964993,-0.29495439329572515,-0.17852016517243982,0.9568573607465435,1.8914009883162604
37.4906031403412,9.953745674991652,-0.34483766014460393,-0.18265876269186512,0.990223049856057,1.8683591483227617
37.59057808204878,10.039465081848924,-0.39630393878415543,-0.1868733512867838,1.0338494899212032,1.8400345173184076
37.69055302375635,10.124192016696314,-0.4493526339672534,-0.1911605056763152,1.0801690471537733,1.8138167996825985
37.79052796546393,10.207905770701506,-0.5040213805294557,-0.1955402226453931,1.1334996394367258,1.7815123407258822
37.89050290717151,10.290518431748438,-0.5603049893406625,-0.20000293112691012,1.1714706729418414,1.7519011976927337
37.99047784887908,10.372005546055151,-0.6182408111831292,-0.20456665043109792,1.2124714763398106,1.7155734377491716
38.09045279058666,10.452274254560306,-0.6778187325238038,-0.209223069987685,1.2618305164210346,1.682319220582466
38.19042773229424,10.531295486570924,-0.7390752087536666,-0.21401167933516335,1.3071665968470039,1.6419728233264594
38.29040267400181,10.608971810678936,-0.801995172949961,-0.21890478766904425,1.3528407099741464,1.6048342486219438
38.39037761570939,10.68526862757533,-0.8666136379308731,-0.22395294350630654,1.4059981143704006,1.5710858692512772
38.49035255741697,10.760083409421535,-0.9329097659114898,-0.22912536011022727,1.4658190420487618,1.5409334306186342
38.59032749912454,10.83337576634074,-1.0009169121666455,-0.23445973992420702,1.5299437655583223,1.5045099048021249
38.69030244083212,10.905038246533769,-1.070607990640039,-0.23992504776245513,1.5816197701314116,1.4644866744652383
38.7902773825397,10.975023730830143,-1.1420133662925716,-0.24553103941004292,1.6397181089582307,1.4280645562140226
38.89025232424727,11.043220525097365,-1.2150991059283507,-0.2512891020039085,1.7035685961757907,1.3955101053590244
38.99022726595485,11.109574449140561,-1.2898913071715254,-0.25712277724719323,1.7628341034711252,1.363271680093602
39.09020220766243,11.17396946503258,-1.3663471920456385,-0.26313821404656645,1.814067612053376,1.3324779862502067
39.19017714937,11.236345017308684,-1.444488259814711,-0.26936997322057815,1.860848334283198,1.2842057654055796
39.29015209107758,11.296579718588978,-1.5242621507868566,-0.2758048295781195,1.8973132764714051,1.2354605031363934
39.39012703278515,11.354605185705426,-1.60568492702042,-0.28242741567826035,1.9359159576882845,1.190582882581756
39.49010197449273,11.410295992688074,-1.6886946560282925,-0.28928576625527985,1.9673829107324492,1.1500216838706185
39.59007691620031,11.463574335490716,-1.7732989388868214,-0.296608431975755,1.9871344643019944,1.1137775868856283
39.69005185790788,11.514309662299555,-1.8594271811329353,-0.30417320195294606,2.000791795816897,1.0672669445022667
39.79002679961546,11.56241375256312,-1.9470779861053924,-0.31178565398664254,2.014909381635318,1.025555839437928
39.89000174132304,11.607751456007506,-2.0361638210201067,-0.3197525885632937,2.010186703867205,0.9737080092012462
39.98997668303061,11.650228055120632,-2.126674011020941,-0.32808548177682906,2.002153239252676,0.9254710759402981
40.08995162473819,11.689704391679252,-2.2185077445942443,-0.3368060946215185,2.000710823906654,0.8828877038398956
40.18992656644577,11.726072521464944,-2.311637964866031,-0.3469070088521692,1.9859426619012248,0.8428836129881621
40.28990150815334,11.759183165863066,-2.4059563186123385,-0.35744113372358816,1.9737601588918732,0.7998876566408826
40.38987644986092,11.788908094988107,-2.5014166254289854,-0.3686791223912389,1.9657036512598802,0.7539352888911931
40.4898513915685,11.815088741651735,-2.597885997968444,-0.3803824309973555,1.9524293010898945,0.7048841415652706
40.58982633327607,11.837588651138564,-2.6953041952243124,-0.3918249513431939,1.9458192309783848,0.6637041397695317
40.68980127498365,11.856250489054549,-2.7935019148136995,-0.4040266656170995,1.9373353743710138,0.6301044989101504
40.78977621669123,11.870933845152097,-2.8923995746878326,-0.41785026452248736,1.9226410204467208,0.5804439593440629
40.8897511583988,11.881470840495767,-2.9917982714449516,-0.4320459267631351,1.9120985144466969,0.5408063121750883
40.98972610010638,11.887709049562877,-3.0915897290586707,-0.4453793867115151,1.9058587998083505,0.5083245192383238
41.08970104181396,11.889497445781092,-3.191528142932233,-0.4601750345114622,1.9036325969146246,0.47735663603949674
41.18967598352153,11.886682882181491,-3.2914886454927568,-0.47801405285535675,1.8898106173408393,0.4336394512818527
41.28965092522911,11.879099139614734,-3.3911425949344234,-0.4965970687525733,1.8823059982798218,0.39450231789224816
41.38962586693668,11.866572042555118,-3.490370161198683,-0.5131707723254644,1.8789530213662282,0.3734577061253188
41.48960080864426,11.848989830956915,-3.588721521429481,-0.5294596864412839,1.8757093949450125,0.3558221395372724
41.58957575035184,11.826222085754376,-3.686076691667521,-0.5373467992994085,1.8830543990826798,0.3510355333288809
41.68955069205941,11.798278474051381,-3.782010124137822,-0.5385499967925843,1.8938994775579558,0.35595586772343113
41.78952563376699,11.765218180596959,-3.876344820563342,-0.5204615621749172,1.8984977603661746,0.34438502105506846
41.88950057547457,11.727293178682949,-3.9688371369582023,-0.5026485255671763,1.9122149203763281,0.3562299214009989
41.98947551718214,11.684774857497242,-4.059302904253275,-0.48255320298078386,1.9184333101811062,0.36506773971959633
42.08945045888972,11.637940321663303,-4.147617001109384,-0.4635320779082526,1.9286629811974831,0.370695140192224
42.1894254005973,11.58707008928239,-4.2336579181629235,-0.4450482847754319,1.9485212620962598,0.39576222363442015
42.28940034230487,11.532413549814084,-4.317365045410905,-0.42753350626662184,1.9667074159224982,0.41641699843576413
42.38937528401245,11.474238113004631,-4.398647539166481,-0.4114359114237988,1.9909757453043244,0.4328105802070887
42.48935022572003,11.412756855119003,-4.477484066467296,-0.39617221001648806,2.010298343013668,0.4458383863620943
42.5893251674276,11.348214939579437,-4.553808826829509,-0.38137817200361757,2.024814780307982,0.4761912574982322
42.68930010913518,11.280797668905217,-4.627631435984174,-0.36729233314430365,2.0468996135539,0.5081106973943437
42.78927505084276,11.210727355142328,-4.698916774852649,-0.3540100376411532,2.054460211397472,0.5324589689709303
42.88924999255033,11.138163685411177,-4.76769163727484,-0.34125065470054244,2.0462918910802306,0.5550719253776514
42.98922493425791,11.063309887313446,-4.8339390044807615,-0.32892839290033943,1.997027466004342,0.5874662812142041
43.089199875965484,10.986304378934726,-4.897700615066346,-0.31737562989330614,1.9469635953588154,0.6167220006338732
43.18917481767306,10.907327884342402,-4.958976514443989,-0.30662375164699246,1.9007867520637047,0.6462185254759042
43.28914975938064,10.826495471616767,-5.017813579403939,-0.29626097711840493,1.8616669109907262,0.6661911911660079
43.389124701088214,10.743969336056162,-5.074221654994329,-0.28630557273733737,1.816316951516314,0.6910474172599805
43.48909964279579,10.659847350095722,-5.128254231712455,-0.2767673178724608,1.7775808528390742,0.7145476973824503
43.58907458450337,10.574277475992135,-5.179929562082952,-0.2675941440951663,1.746367919434912,0.7352717448161713
43.689049526210944,10.487339746868786,-5.229306353722356,-0.2587719592758869,1.717664582975493,0.7660730781381303
43.78902446791852,10.399169528140453,-5.276409056862562,-0.250305418362009,1.686406101946158,0.8058447685985862
43.8889994096261,10.309829962631017,-5.3212997935750375,-0.24211987189831458,1.663023079639151,0.8273709385827611
43.988974351333674,10.219448606808415,-5.364006034500499,-0.23419005216541616,1.6409723151345987,0.851532472406008
44.08894929304125,10.128071110757555,-5.404593768725533,-0.22650738780128607,1.6227258602099748,0.8801990065720879
44.18892423474883,10.035819477442345,-5.443092824087715,-0.219059214169389,1.5954979349163214,0.8982583948600749
44.288899176456404,9.942722753198641,-5.4795716624266,-0.2118218530816187,1.573230680979648,0.9168369028202172
44.38887411816398,9.848899043496736,-5.514061712644587,-0.20477185046383317,1.55632970768031,0.9436687662470015
44.48884905987156,9.754362157509895,-5.546632907325355,-0.1979005070745294,1.5305716863789587,0.9498472564344931
44.588824001579134,9.659226203518331,-5.577318575063295,-0.19118422879744354,1.5118635428924287,0.9636629338440714
44.68879894328671,9.563492794995256,-5.606188686210993,-0.1846218425063661,1.5015018377314693,0.9856268976161469
44.788773884994285,9.467270328217515,-5.63327904981231,-0.17818117683161247,1.4948439389604735,1.0127975819694246
44.888748826701864,9.37055329820586,-5.6586580901197525,-0.1718793304691772,1.4824485837581494,1.034665132584472
44.98872376840944,9.273439925707637,-5.682365133464457,-0.16567431862117074,1.4784531628322632,1.0332512579639248
45.088698710117015,9.175923477436289,-5.704465695246064,-0.15958387087112613,1.4750321853877617,1.0398343304062303
45.188673651824594,9.078087111823482,-5.725003291305772,-0.15357000384245614,1.4686029903230298,1.054320082482225
45.28864859353217,8.979930265509077,-5.74403951881125,-0.14765903159483992,1.4704989047736508,1.0733819637502968
45.388623535239745,8.881514676647932,-5.761622519102483,-0.14180184673367668,1.4611103195852067,1.0909885895458766
45.488598476947324,8.782854215371863,-5.777809382337337,-0.13600599532457022,1.4534280236333181,1.0985523061903073
45.5885734186549,8.683981761886272,-5.792653417852577,-0.1301662576367895,1.4539614102875422,1.090424116119098
45.688548360362475,8.584933194266346,-5.806208292386296,-0.12437233135875803,1.4626425736602087,1.0901323897151431
45.788523302070054,8.485707161901843,-5.818532643285667,-0.11851539900001547,1.4648827386838421,1.097741926144139
45.88849824377763,8.386367603853863,-5.829677538642031,-0.1127031987924379,1.4654603112626576,1.1088882216617792
45.988473185485205,8.286874062281779,-5.8397059222136365,-0.10686853273348368,1.4722182299640376,1.1138891960359552
46.088448127192784,8.187324006503774,-5.848666654673657,-0.10106229253209872,1.4721683176792975,1.1014314923831854
46.18842306890036,8.087633701794644,-5.856625521774897,-0.09520663899001133,1.4683569463640116,1.0969585650921898
46.288398010607935,7.987937753392578,-5.863630526760142,-0.0893621449758858,1.4722937951756656,1.0960281188229275
46.388372952315514,7.888107806111988,-5.869749266337526,-0.083446631966238,1.483865565195212,1.0990769509049283
46.48834789402309,7.788316096391408,-5.875030411016081,-0.077526762512117,1.4960836914840243,1.1043545409917597
46.588322835730665,7.688391492508441,-5.879542326452967,-0.07151989461887832,1.4915718868376355,1.0909946473195304
46.688297777438244,7.588541515511205,-5.883335687663437,-0.06549380327007351,1.4931984347802207,1.0750387675687294
46.788272719145816,7.488556662646362,-5.8864788370315875,-0.059359494516388604,1.5021508938437382,1.0675733220865276
46.888247660853395,7.388674775300585,-5.889025529815153,-0.053192903491088316,1.5182180033269068,1.0688539501037821
46.988222602560974,7.288654931099321,-5.891043717217177,-0.04690308148076028,1.5305149743064828,1.0708718040123535
47.088197544268546,7.188758013889146,-5.892590857834376,-0.04056981471027263,1.5289707999668223,1.0520757947555797
47.188172485976125,7.0887206813994,-5.893734534376925,-0.034097640418316845,1.5279281190649145,1.0346363557534122
47.288147427683704,6.988817940036995,-5.894536097697017,-0.02757316439683015,1.533752887408036,1.0263570760644931
47.388122369391276,6.888774334726652,-5.895063198257492,-0.020897563721751583,1.5463189107073987,1.0251696881692045
47.488097311098855,6.7888692089197695,-5.895380860845128,-0.014163208659767994,1.5653644942999185,1.0254908488187406
47.588072252806434,6.688825831964675,-5.89555751906711,-0.007267923256384497,1.575478241187094,1.0256653341560324
47.688047194514006,6.588918083055706,-5.895661366412141,-0.00030984615852089196,1.5753754353140645,0.9999013549024948
47.788022136221585,6.488878486836806,-5.895762471471205,0.006815374338453839,1.575273053225782,0.9826101786119084
47.887997077929164,6.388966458945167,-5.895931548661812,0.014005189784936449,1.5765178264774695,0.9753957779984517
47.987972019636736,6.288933256606098,-5.896241110615968,0.02136457587174943,1.5839494702695418,0.9757043884312724
48.087946961344315,6.189016337055859,-5.896763755813441,0.02878843033879287,1.5973924700933375,0.976228692835776
48.187921903051894,6.088993505129284,-5.897575048575738,0.03638019909659386,1.6166531329327871,0.9746447195064605
48.287896844759466,5.989074791412692,-5.898748971550367,0.04403480097400141,1.6220587340246755,0.9496356072385903
48.387871786467045,5.889070286536454,-5.900364427958846,0.05185172639062685,1.6204431276021571,0.9351239018921547
48.48784672817462,5.789159474332323,-5.902496499167858,0.05972883314907213,1.618311313656086,0.9317056356921023
48.587821669882196,5.689188186331424,-5.905227336946343,0.06775901806468168,1.6155804788085468,0.9344365156353093
48.687796611589775,5.589304651186402,-5.908633064463712,0.0758462089270586,1.6121751428640287,0.9313227735983723
48.78777155329735,5.48939162855859,-5.912798623351406,0.08407460249029275,1.6106723246524217,0.9102514494262546
48.887746495004926,5.38956777342875,-5.917801300167606,0.09235705197373492,1.613760020161862,0.9007046428246588
48.987721436712505,5.289751835082226,-5.923728076369741,0.10076642677597539,1.6168752682525678,0.9031208800353739
49.08769637842008,5.19003640296873,-5.930657608072795,0.10922624149219573,1.625140376122218,0.910043414729054
49.187671320127656,5.090373657186464,-5.9386779717717735,0.11779875000707891,1.6321644999413272,0.9064498693809144
49.287646261835235,4.990835921282124,-5.94786928170511,0.12642564295127307,1.6229701649235675,0.8919207031359843
49.38762120354281,4.891404398890201,-5.958319829675837,0.13515263101401842,1.6125159257786308,0.8897331722896703
49.487596145250386,4.7921359105959995,-5.970111350315581,0.14390159746843695,1.600719740052331,0.9000652896039008
49.587571086957965,4.693037543791408,-5.9833310569525455,0.15272193816493135,1.5874945319789207,0.913238633319211
49.68754602866554,4.594160178297464,-5.9980611114911895,0.1616245856795132,1.5727580904304224,0.9279151701015497
49.787520970373116,4.495529259232355,-6.014387605438187,0.17060452332053003,1.556424617381959,0.9268378363595147
49.887495912080695,4.397195729848887,-6.032393024249848,0.17963674733920146,1.5384120242726647,0.9234830068595755
49.98747085378827,4.299197326504932,-6.052162245139355,0.18875034345815386,1.5186362578777473,0.9326930255176754
50.087445795495846,4.201592501628876,-6.073776382535529,0.19792134713715157,1.5004734169161897,0.9541885417325003
50.187420737203425,4.104430472585024,-6.09731846336601,0.2071741689085648,1.4868459746394074,0.9775667973878542
50.287395678911,4.007781680838099,-6.122866501155225,0.21648343418626162,1.4777936704510162,0.9812542087007012
50.387370620618576,3.911701993879619,-6.150502037105035,0.22587021753619968,1.4703441022489792,0.9898664019365884
50.48734556232615,3.8162791886286547,-6.180297344074201,0.23534922943400002,1.4405175351910569,1.0105529080442603
50.58732050403373,3.7215730783190346,-6.212333100849885,0.244941076744283,1.4084622640598903,1.0426778620297261
50.687295445741306,3.6276922411285843,-6.246673592903195,0.25456805850361613,1.3741232207565124,1.0767229836397454
50.78727038744888,3.5347009239335017,-6.283397984986491,0.26432009479955604,1.3374346238142907,1.090193361384408
50.88724532915646,3.4427286427898505,-6.322559478987971,0.2739320527875731,1.2983625415523687,1.1121656908724964
50.987220270864036,3.351845442060533,-6.364233102157612,0.2836564897384847,1.256858452727912,1.145058299604252
51.08719521257161,3.262200109927994,-6.408457108622917,0.2933599160598898,1.213932179844841,1.1880134921382026
51.18717015427919,3.173869386919806,-6.455302169892435,0.3032507392994654,1.1751763666351016,1.2346283638125857
51.287145095986766,3.087022492537081,-6.504790171333244,0.31335511077927203,1.140976943958165,1.2840036699580055
51.38712003769434,3.0017439119842653,-6.556989394076978,0.3237351198875956,1.111669813150078,1.3184863985368978
51.48709497940192,2.9182246586763734,-6.6119042693637855,0.33435418456993476,1.0664804818010774,1.3569147802589692
51.587069921109496,2.8365619170366103,-6.66959817142083,0.3453535919366669,1.0227130328448755,1.4043639925520957
51.68704486281707,2.756965683289402,-6.7300564944381875,0.35640897242848396,0.9839174108857374,1.4599645769043619
51.78701980452465,2.6795482269822823,-6.793333391629265,0.36787117762880794,0.9460213258622251,1.5228809151026421
51.886994746232226,2.604533132068061,-6.8593945102203655,0.3799886436121,0.900215316595203,1.5829485131439682
51.9869696879398,2.532064443507176,-6.928273738348926,0.39273716145471815,0.8600113332842529,1.6351610687573328
52.08694462964738,2.4623724475657247,-6.999924826761951,0.4047655670131956,0.8079359898537954,1.6947977882127878
52.18691957135495,2.395617695486451,-7.0743577577568795,0.41738946541654,0.7599509427371484,1.761138096028108
52.28689451306253,2.332037494755683,-7.151504372118499,0.4335680998846384,0.7187588619933275,1.8334172523627301
52.38686945477011,2.2718664770542847,-7.231327052663063,0.45075305204674165,0.678347616310243,1.910940500581575
52.48684439647768,2.2153622539822204,-7.313753995265469,0.46379677789641716,0.6410165123876147,1.9930347434171436
52.58681933818526,2.162715545656261,-7.3987470860158595,0.4779019117586468,0.5954114935453214,2.0688880566228476
52.68679427989284,2.1142291614765436,-7.4861119404627345,0.504452111238841,0.5486779035520853,2.1459063042577693
52.78676922160041,2.0701227241500675,-7.575993099207372,0.5257405946597017,0.5123154069087078,2.2278567269405216
52.88674416330799,2.030751801537681,-7.668164746412563,0.5329234099970821,0.48788286863793007,2.3140766009513136
52.98671910501557,1.9965775302584154,-7.761714140007321,0.5812173058276017,0.4600968852366752,2.4032759942347335
53.08669404672314,1.9679090512922008,-7.857096458103437,0.6702624536130705,0.4313270790143502,2.495556892608605
53.18666898843072,1.9454689580310158,-7.954881043979877,0.6453561498934711,0.4004244056774592,2.5912309829979256
53.2866439301383,1.9293425854303463,-8.054099508737698,0.5482014917608664,0.3773039816947844,2.689081608265056
53.38661887184587,1.918834303688322,-8.15348863521763,0.6057205032522196,0.3746262535468116,2.7876208060018666
53.48659381355345,1.9144409905056634,-8.253052864666358,0.7829121659866289,0.3790192326802219,2.8867664834579227
53.58656875526103,1.9176449256603232,-8.352287085734641,0.7220059713889778,0.375815795379936,2.7999539754394833
53.6865436969686,1.9280454251818624,-8.451932195821895,0.5398592746128973,0.3785942899387086,2.7084328046934862
53.78651863867618,1.9439364134063486,-8.550964923477501,0.5316560442732788,0.3874184668677906,2.618152486134313
53.88649358038376,1.9649987205700263,-8.64853110949343,0.6300507659616997,0.40459691770440387,2.529831164176157
53.98646852209133,1.992050435754548,-8.744536360513203,0.6084700260164624,0.41919624845932624,2.4421973004715904
54.08644346379891,2.0249993431773916,-8.839051292972224,0.5369495456558013,0.4503749687409303,2.3584545981928327
54.18641840550648,2.0629884360318322,-8.93158162947826,0.5151871024009386,0.4891702981235314,2.2793383160032885
54.28639334721406,2.1056653387698328,-9.021975251258448,0.508979756792946,0.523134881100739,2.205393603143047
54.38636828892164,2.1528342997731382,-9.110027923346536,0.48419900286822964,0.5559447800397995,2.1316602572121273
54.48634323062921,2.2042862513928485,-9.195819954050064,0.45674719624413096,0.599636238290342,2.06312627051391
54.58631817233679,2.2595514411414026,-9.279085540940567,0.43595065579214926,0.639705499497701,1.9983984180608918
54.68629311404437,2.318436846779221,-9.35992450170433,0.4166228980717439,0.676569728245767,1.935285061108342
54.78626805575194,2.3805767383834247,-9.43816852910928,0.3958003195750125,0.7195292164875782,1.8788729148200343
54.88624299745952,2.4458349549506893,-9.513974779120195,0.3756632821829598,0.7593285339778613,1.8211117335692195
54.9862179391671,2.513824493457443,-9.58720115606242,0.3565305717545317,0.8009720944090741,1.7704125288801786
55.08619288087467,2.5844505692161763,-9.658027752744621,0.3379524916453066,0.8393928703438123,1.7197303789628273
55.18616782258225,2.6573548689974453,-9.72635871968251,0.31957443131607743,0.8711023800591651,1.6745817560610128
55.28614276428983,2.7324833361294427,-9.792394466127908,0.30166493804541056,0.9069177762280041,1.63020560202771
55.3861177059974,2.8094893245450403,-9.856068436240767,0.2841432188980311,0.9415757650756362,1.586535104692249
55.48609264770498,2.8883547894270727,-9.917593072923918,0.26696443245497287,0.9827244538156622,1.5492314210510847
55.58606758941256,2.968750539414481,-9.976929177245314,0.25007332148757966,1.0256878775678064,1.5168017728145757
55.68604253112013,3.050689029739368,-10.034295931676047,0.23344935700024477,1.0560099518682544,1.4827255754828272
55.78601747282771,3.1338601685225154,-10.089678654415842,0.217124919487045,1.0899846928905472,1.452739749967392
55.88599241453528,3.218296053035949,-10.143295161396836,0.20100542220227788,1.12880493886998,1.4153645993082966
55.98596735624286,3.303713200886678,-10.195155756919009,0.18517318857818915,1.1589520819726016,1.3833297810660223
56.08594229795044,3.3901533253714793,-10.245471320272644,0.16950372513383735,1.1950527372712416,1.348374466668607
56.18591723965801,3.477359484872065,-10.29427301184566,0.15409768532110477,1.2325332588141982,1.319865625525844
56.28589218136559,3.565379393492599,-10.34176439995614,0.13882247289644184,1.2675021534256663,1.299945203238377
56.38586712307317,3.6539816072197717,-10.387993751706658,0.12372030873828604,1.2919518932973988,1.288897046626019
56.48584206478074,3.7432144535383283,-10.433156822999306,0.1087285448979447,1.3223795123285673,1.2664626624954716
56.58581700648832,3.8328718563767294,-10.47731691811643,0.09391465308282021,1.3584755239537556,1.2442148888695377
56.6857919481959,3.9229975913319817,-10.520660954503258,0.07919646650429518,1.3975170729154633,1.224539831444297
56.78576688990347,4.013411305253064,-10.563265010914105,0.06471554412337116,1.4186745366558222,1.204664632391712
56.88574183161105,4.104146891858301,-10.605305462231694,0.050310841127516784,1.4458446259427291,1.1935014167115767
56.98571677331863,4.195050985885972,-10.646869588138408,0.036101566139898386,1.4730303129690403,1.1843442285505057
57.0856917150262,4.2861407524643464,-10.688121735564977,0.021948542250581852,1.4934054886364467,1.1594723775917306
57.18566665673378,4.377291914069359,-10.729160633983696,0.007963972911040507,1.519879430588409,1.1430601313857647
57.28564159844136,4.468497783197122,-10.770136844719786,-0.0059879807389864,1.5522846899341338,1.1288980765202945
57.38561654014893,4.5596652863180775,-10.811161223367609,-0.01980321084106284,1.5873871860225541,1.1134863270676603
57.48559148185651,4.6507572179093115,-10.852368662297934,-0.03361282603590488,1.60837739095761,1.0981810968613746
57.58556642356409,4.741713204040635,-10.893883211910126,-0.04731798839194292,1.6355429572320124,1.0832717225181825
57.68554136527166,4.83245990679821,-10.935822115806344,-0.06104845207489396,1.66142317431086,1.0662420773802623
57.78551630697924,4.92296991584448,-10.978323849371858,-0.07471829708125631,1.684349214850297,1.0513307696616097
57.88549124868681,5.01312975462679,-11.021486115200108,-0.08844584339879874,1.7135131148899503,1.0320059411040365
57.98546619039439,5.102943261414551,-11.065462893908414,-0.10214427820775454,1.7487508968611862,1.016581809191398
58.08544113210197,5.192255293325252,-11.110330642492885,-0.11593470241830972,1.7870278991169375,0.9943995525762568
58.18541607380954,5.281096702158378,-11.156259217091787,-0.12974754706723965,1.813985993310715,0.9779434387544951
58.28539101551712,5.369271553081879,-11.203302627857399,-0.1436911570271057,1.847165370164429,0.9523498309127636
58.3853659572247,5.456830706131291,-11.251646171828385,-0.15773530138731365,1.879274883119018,0.9335904933603661
58.48534089893227,5.543541276931768,-11.301321390496078,-0.1719269667080591,1.9105108665426958,0.9047814034727624
58.58531584063985,5.6294643476891055,-11.352526746295975,-0.1861233456595953,1.9480006414054971,0.8846488796045596
58.68529078234743,5.714336731807559,-11.40527055584332,-0.2005465668317952,1.9914373926563531,0.8727434279683328
58.785265724055,5.798218403085809,-11.459760358850733,-0.21539034110212024,2.04063449798521,0.8476388650961139
58.88524066576258,5.880821507591944,-11.515985466143569,-0.23045101280275002,2.080015586849774,0.8233977927493652
58.98521560747016,5.962189927144626,-11.574157726512775,-0.24564663164405953,2.124320387043842,0.8072925284924416
59.08519054917773,6.0420258572065295,-11.634250973756691,-0.2611122532004816,2.1711084312106963,0.7721121259554191
59.18516549088531,6.120343790703567,-11.696470280623451,-0.2771915988875037,2.2155958560367157,0.7421543382028066
59.28514043259289,6.196827825567386,-11.760769155622073,-0.29351232402179966,2.2659637768494525,0.7221333471094268
59.38511537430046,6.271457957476365,-11.827341270224627,-0.3090240053812582,2.3220157480175225,0.6922729059389546
59.48509031600804,6.343939953162835,-11.896133508570129,-0.3256923711902177,2.383338231011769,0.656543149164548
59.58506525771561,6.414186918616934,-11.967299445518526,-0.3473400237596117,2.448928320688938,0.629584273706445
59.68504019942319,6.481894736083186,-12.04083388641875,-0.3686989287804933,2.508275316721051,0.613872059207214
59.78501514113077,6.546881954531026,-12.116854482823863,-0.38908876024133987,2.5729924309738457,0.5804874340265498
59.88499008283834,6.608807552641444,-12.19527577353184,-0.40972869316276594,2.6409016719697003,0.5576807779030155
59.98496502454592,6.667500072213378,-12.276201730904981,-0.42655426573929756,2.7077578803975166,0.516499574601911
60.0849399662535,6.722678084172071,-12.359537047102386,-0.44441378938534926,2.779576790701839,0.4882688616989114
60.18491490796107,6.774116130085854,-12.445278155533147,-0.46898077508873204,2.829646140537666,0.46398906122644373
60.28488984966865,6.821464931809922,-12.533315543231964,-0.49577550607242826,2.7992834214153186,0.4352152249509426
60.38486479137623,6.8643924224323065,-12.62358585537241,-0.5218897371249017,2.7709897201617117,0.41221721732397204
60.4848397330838,6.902548819440631,-12.71596162096728,-0.5530870986716837,2.7409192765979156,0.40762657140167147
60.58481467479138,6.935543216147041,-12.8103265752957,-0.5935578972970665,2.70794427476299,0.3960106877847746
60.68478961649896,6.962882092555335,-12.906463466209036,-0.6229365662446251,2.6743606366999937,0.36795876760847
60.78476455820653,6.9841896621978,-13.004117711657786,-0.640925031679778,2.6393637096669953,0.3511721532260128
60.88473949991411,6.9992027814743905,-13.102856317760466,-0.6377207328579377,2.6090584211194594,0.35600761731161484
60.98471444162169,7.00791121564093,-13.202442680415794,-0.6171453920924511,2.580265335186931,0.3646945499081489
61.08468938332926,7.010465080466094,-13.302340875813826,-0.5930954678909133,2.5611021339780393,0.3804120454558357
61.18466432503684,7.007086555191322,-13.402299261074571,-0.572193126089628,2.545358855912925,0.3947994447393328
61.28463926674441,6.998000555861027,-13.501841824027826,-0.5524799179057481,2.5271372511365278,0.4259822975310348
61.38461420845199,6.983428284486555,-13.600760225655662,-0.5316621820054525,2.5055274040162154,0.4539478892342198
61.48458915015957,6.9636294494040865,-13.698722863835833,-0.5112366507028673,2.483938358699701,0.49612676831011704
61.58456409186714,6.938834629794727,-13.795601436015923,-0.4932994931704903,2.4619920038200385,0.5247902400848143
61.68453903357472,6.909303722571084,-13.891102759816377,-0.47620928057452727,2.4396102426097994,0.557216937860606
61.7845139752823,6.875254344753423,-13.985106884752492,-0.4594400109645349,2.409307360575439,0.6005598824180542
61.88448891698987,6.836934070616327,-14.077424208770951,-0.4432150626582202,2.33918193570744,0.6526794979051607
61.98446385869745,6.794549012173591,-14.167979076702894,-0.4279740737456825,2.259528689441324,0.7078897458346273
62.08443880040503,6.7483363818684765,-14.256624048072597,-0.412811748017581,2.1843587765913974,0.7507388408695848
62.1844137421126,6.698501087738378,-14.34329302119346,-0.39829150123851637,2.1141665429572982,0.800385993299973
62.28438868382018,6.6452579023842775,-14.427903313232013,-0.3845859443232013,2.0482850585405643,0.8518991079960474
62.38436362552776,6.5888002313813425,-14.510405820680267,-0.3713494676663117,1.9794532263543567,0.8916085160920559
62.48433856723533,6.5293213947589175,-14.590750768389665,-0.35942554668563376,1.9085773335383909,0.9298247400742385
62.58431350894291,6.466989094158394,-14.668913261510932,-0.34808619114833544,1.843117599070383,0.9736985199428008
62.68428845065049,6.401976176253587,-14.744859070412907,-0.33641941941310916,1.7836733516654804,1.0170173619158571
62.78426339235806,6.334446699117673,-14.818574407991637,-0.3251626675102275,1.730839971834527,1.0625442188443885
62.88423833406564,6.264553124212688,-14.890059333637957,-0.31424828794490434,1.6779936083729061,1.107133902481914
62.98421327577322,6.192455517359435,-14.959306555081394,-0.3035432361186362,1.622455812714821,1.1465482515277603
63.08418821748079,6.1182842436868015,-15.026339029975812,-0.29322001945263165,1.5622509508044455,1.1904087698704118
63.18416315918837,6.042183768013278,-15.091165326584001,-0.28314575507964657,1.508152991095733,1.2333769677142175
63.284138100895944,5.964274096536947,-15.15381525252319,-0.2733714763380478,1.4614266059468823,1.271700530080713
63.38411304260352,5.884685903066761,-15.214309195134563,-0.26379919873219315,1.4227516679430456,1.3096594133679456
63.4840879843111,5.8035258437477495,-15.272686216351946,-0.25442718681304605,1.3806697444517932,1.3430129310494074
63.584062926018674,5.7209105743766715,-15.328977800708891,-0.24518781760436054,1.3456498126297203,1.3767028910394594
63.68403786772625,5.636938045957184,-15.383228838583085,-0.23615645684443837,1.3008564895439374,1.4055795630999504
63.78401280943383,5.551708554399029,-15.435482039875026,-0.22724076750583794,1.2626132175875033,1.4386374155101138
63.883987751141404,5.465314958293999,-15.48578494035583,-0.21848367907541577,1.2284053964055754,1.4756590079201684
63.98396269284898,5.377840129022122,-15.534190583328577,-0.20980773761368246,1.1885392850043726,1.5164164560678752
64.08393763455656,5.289374441885206,-15.580747982729143,-0.201283790195715,1.1505233321846817,1.5556275640569766
64.18391257626413,5.199981999093675,-15.625519722483814,-0.19282410292641336,1.1221090946745274,1.580595175315867
64.2838875179717,5.109753215513396,-15.668554984547603,-0.18451030324979417,1.103576217945733,1.6095645444965905
64.38386245967929,5.018733267291389,-15.709924367623959,-0.17624397649758247,1.070779910966643,1.6423985645357255
64.48383740138686,4.927013307508757,-15.749677109694018,-0.1680954511514162,1.0482753647804437,1.678925912684096
64.58381234309444,4.8346211934722625,-15.787889966364357,-0.15999303500094697,1.0315035503986876,1.7141092242693678
64.68378728480202,4.741649836941964,-15.824612004897645,-0.15204809971685063,0.9971207270043279,1.7310305133046342
64.7837622265096,4.648107498174491,-15.859925484871114,-0.14412446750510846,0.970560354030513,1.7520283251218993
64.88373716821717,4.554090882365469,-15.893878344614318,-0.1363565588850339,0.9552270551974601,1.7770186083427217
64.98371210992475,4.459593218625821,-15.926555722100268,-0.12861343194060398,0.9453643865700674,1.8059179918097212
65.08368705163232,4.3647103881511935,-15.958006589689083,-0.12072600634667217,0.9137097225257087,1.8374391680708606
65.1836619933399,4.2694276034052185,-15.98831866892934,-0.11284362609667438,0.8929460154614843,1.85409664439972
65.28363693504748,4.173837124772194,-16.01754545595556,-0.10484997145752176,0.8842106570641304,1.869202608128884
65.38361187675505,4.077916208986318,-16.045777264842286,-0.09689578455262436,0.8763684368284069,1.8879932504308774
65.48358681846263,3.981756287738947,-16.073069878353238,-0.0890867324938249,0.8600067939093238,1.9063855069738371
65.58356176017021,3.8853261910962282,-16.099513448999478,-0.0813118461840951,0.8559843139503104,1.922498072283148
65.68353670187778,3.7887158995368018,-16.12516374018221,-0.07365207640440699,0.8466359429070857,1.9296500042459908
65.78351164358536,3.691886747498688,-16.15011036077379,-0.06601986363236638,0.8225604957036722,1.941203949381103
65.88348658529294,3.59492796338575,-16.174409004875333,-0.05846233510680201,0.8108555576543864,1.957148471888879
65.98346152700051,3.497795119941859,-16.19814876136086,-0.05093827333133968,0.8119733781631974,1.977461171570731
66.08343646870809,3.400576148186047,-16.221385442303422,-0.04350661484774192,0.8022668593049803,1.9916763586485795
66.18341141041567,3.3032232712053684,-16.244206945445264,-0.03610846891526896,0.7939268595731577,1.9968588825937947
66.28338635212324,3.2058219250208015,-16.26666908857784,-0.02879598811695725,0.7903880268738647,2.006653468499383
66.38336129383082,3.108323085051452,-16.288858283395932,-0.02151671623189261,0.7821708918568292,2.0210716966587827
66.4833362355384,3.0108091083081066,-16.310830305282074,-0.01432033623126001,0.763984394512524,2.0400768903807323
66.58331117724597,2.913231766239021,-16.332669848319775,-0.007157173138481542,0.7587847746542477,2.0501646278499273
66.68328611895355,2.8156694682959147,-16.354432634447264,-7.722470748354613e-05,0.7663818675662797,2.0551847360659656
66.78326106066113,2.718077326876984,-16.37620127636107,0.006971988004428627,0.7502332051083436,2.065039907561892
66.8832360023687,2.6205284384430962,-16.398031570041073,0.013942528381927204,0.7471607922724969,2.0797250923462998
66.98321094407628,2.522983281668683,-16.42000384412262,0.020885702852578836,0.7507363569365292,2.0847669645615543
67.08318588578386,2.425508763005051,-16.442174084833823,0.02775480507597722,0.7361760945871514,2.0910207308782853
67.18316082749143,2.328073395345709,-16.464619948344534,0.034600871144622646,0.7230281430306802,2.0966696757254106
67.283135769199,2.230736153153267,-16.48739799091369,0.041371514833152156,0.7217322830530926,2.0995394679792287
67.38311071090659,2.1334768795808996,-16.51058251141778,0.04812951479096639,0.7104407515791176,2.1075664433171815
67.48308565261416,2.036344606477036,-16.534231207671397,0.054832569226351206,0.6961634407085545,2.120756213665615
67.58306059432174,1.9393318199288594,-16.558414917859498,0.06151142471508455,0.6955495001466265,2.1373323735778555
67.68303553602931,1.8424775678246559,-16.58319258135448,0.06806479815439939,0.6882502325810388,2.1430967691952616
67.7830104777369,1.7457894781592684,-16.608629993110185,0.07459671401156405,0.6741551515762371,2.154167029854317
67.88298541944447,1.6492942582542962,-16.63478745329473,0.08095446462633986,0.6739960925529437,2.160844336527011
67.98296036115204,1.5530178356271818,-16.66172395499367,0.08732798089037763,0.6604850581183389,2.1695526708850914
68.08293530285962,1.4569722193972172,-16.689502279046984,0.0936731149297721,0.6460210738780596,2.1836728609072984
68.1829102445672,1.3612032828914558,-16.718175184994482,0.10005122072385965,0.6459341470212054,2.191737454945338
68.28288518627477,1.265709361066285,-16.74780977108858,0.10645026894169964,0.6403825865925522,2.203904858741625
68.38286012798235,1.1705571940871928,-16.778452239538165,0.11288744954524242,0.6317449464999704,2.2211652940780966
68.48283506968993,1.075731568867747,-16.81017510327511,0.11931629103773801,0.6134666591078319,2.2251384866413506
68.5828100113975,0.9813214579769962,-16.843016322748355,0.12580282425090078,0.5978099606009522,2.232987902010397
68.68278495310508,0.8872991156068165,-16.877054214080097,0.13231289027180368,0.5974118473758742,2.246512713799711
68.78275989481266,0.7937708638639382,-16.912319432768342,0.13887468723126134,0.581437359346488,2.265662747746273
68.88273483652023,0.700702763502328,-16.948894991316116,0.14551630691901365,0.5732282368019216,2.2863925596906407
68.98270977822781,0.6082176577517795,-16.986803845590853,0.15224209524107174,0.5509487506877576,2.2965425766983434
69.08268471993539,0.5162771683327774,-17.026134401493334,0.15900966582460763,0.5329569990027498,2.310814569255857
69.18265966164296,0.42501954855176816,-17.066901011143646,0.1658691972033991,0.5090289229218912,2.3245851627939627
69.28263460335054,0.33440405166337134,-17.10919710887316,0.17288164295942937,0.489446965444838,2.3441754035445537
69.38260954505812,0.2445806206542901,-17.153029888711394,0.17998537528377107,0.48817972014423244,2.3617730924184848
69.48258448676569,0.15551443358466885,-17.198495323443115,0.18716739085577697,0.4719859822694393,2.3793328917741015
69.58255942847327,0.06735982800862893,-17.245595190423643,0.19449448575933392,0.4584133979369262,2.396527952149473
69.68253437018085,-0.01990554254344291,-17.29442481234153,0.2022113353954182,0.450328680960585,2.4105034115363395
69.78250931188842,-0.10612380392789074,-17.34498385134124,0.20999980148880804,0.4344712302647934,2.421343158151149
69.882484253596,-0.19130009064796727,-17.39736525761323,0.21773656807659514,0.41092666289606095,2.438311338772515
69.98245919530358,-0.2752798551239852,-17.45156495608763,0.2257126407739601,0.40340572493284915,2.4613342570441756
70.08243413701115,-0.3580470753300873,-17.507668028303144,0.23436130017211376,0.38361779567510484,2.490327835063537
70.18240907871873,-0.4394506007645793,-17.56567589278212,0.24258784889869647,0.3616376188839118,2.5120132005980915
70.2823840204263,-0.5194509135435188,-17.625659832099938,0.24947521744552228,0.3593583407806329,2.525476454910628
70.38235896213388,-0.5978923803842393,-17.687590007657576,0.25503262046268066,0.3488029659263002,2.5368530985740074
70.48233390384146,-0.6747475572377201,-17.75150898788354,0.2560629333900216,0.3447360350051526,2.554599793914048
70.58230884554904,-0.7499345672056114,-17.81736632748536,0.25349715047729665,0.351329791686618,2.564601542852461
70.68228378725661,-0.8234316860608643,-17.88510277117535,0.24426588674640157,0.35540179721924564,2.5731396948214953
70.7822587289642,-0.8952829944687487,-17.95464248732142,0.23372222461744882,0.37185155911491413,2.5388993111978597
70.88223367067177,-0.9654668440800146,-18.02581595367584,0.22061266187764356,0.39211355401314263,2.5014726906150324
70.98220861237934,-1.034087646417798,-18.0985454639694,0.20767117671679317,0.38921079423057336,2.4570137473549734
71.08218355408692,-1.101161276484732,-18.172658899344196,0.1945387174748078,0.4016580079479777,2.4131669818084887
71.1821584957945,-1.166799256120348,-18.24808396550219,0.18151575029719505,0.4331163267439271,2.374513091488106
71.28213343750207,-1.2310417181614801,-18.32466878098769,0.16864681590464417,0.4628664785710207,2.3312123312815034
71.38210837920964,-1.294001060833477,-18.402347279663154,0.155875536346782,0.48473754091249976,2.288389664116467
71.48208332091723,-1.355727038815442,-18.480978149442173,0.14312507721562073,0.49452898249941235,2.2506587874945203
71.5820582626248,-1.4163350794619904,-18.56050204253642,0.13047372312356192,0.5064754401594612,2.2181492188592418
71.68203320433237,-1.475888474144571,-18.640793420905663,0.11787365922837414,0.5290087189963426,2.185012302440535
71.78200814603996,-1.5345029066325664,-18.721796825164066,0.10531964006401127,0.5520486749808013,2.1469737308879657
71.88198308774753,-1.5922512916859393,-18.803399012154234,0.09277710951318952,0.5805875462302214,2.11223792617936
71.9819580294551,-1.649250113686146,-18.88554757794055,0.08024648682357395,0.5953182333187624,2.0759928313363276
72.08193297116269,-1.7055798517066414,-18.968138798887985,0.06768011272435856,0.6157891902608849,2.0391944605891346
72.18190791287026,-1.7613562146202513,-19.05111948163927,0.05527746672535698,0.6407657545720242,1.9999808593826107
72.28188285457783,-1.8166671586194885,-19.134398397105304,0.043073983430096746,0.6550110616591539,1.9656029677046412
72.38185779628542,-1.8716236335002698,-19.21792190835298,0.03096068360444272,0.6833307031494871,1.927615260116843
72.48183273799299,-1.9263179486977497,-19.301610142329384,0.018966296430586064,0.7137683869605688,1.8939481083372824
72.58180767970056,-1.9808563491586482,-19.385406342630812,0.006933622540548748,0.7424103826249051,1.8652199933071103
72.68178262140815,-2.035335290273436,-19.469238154206515,-0.005175696773911408,0.7687849037676573,1.8278309258868606
72.78175756311572,-2.0898573780851235,-19.55304138381459,-0.017310407568626826,0.7866771198186203,1.7903841211121667
72.88173250482329,-2.1445258461425003,-19.636752247857427,-0.02948634925121099,0.8164592112444451,1.751893224045298
72.98170744653088,-2.1994377921200456,-19.72029686479961,-0.04170327361027622,0.83623658969524,1.7180861488329813
73.08168238823845,-2.254701860309672,-19.803618145443203,-0.05397441814020585,0.8675518910825317,1.6887881930984414
73.18165732994602,-2.3104092408449315,-19.886631698893662,-0.06631408187045558,0.9024138199455785,1.653418903669988
73.2816322716536,-2.366672285662815,-19.96928352434238,-0.07873917994426073,0.935173490675828,1.6075424076570113
73.38160721336118,-2.4235764354710714,-20.05147850592675,-0.0912457299188267,0.9777994226305766,1.5659905217453196
73.48158215506875,-2.4812364648616443,-20.133162748494918,-0.1038474226654199,1.017177124586937,1.528988837111006
73.58155709677634,-2.539732011224174,-20.214230731604854,-0.11654910258966518,1.0585242309544118,1.4808430394424472
73.68153203848391,-2.5991777693604634,-20.294624392434393,-0.12936779899230866,1.0933190914700386,1.4356900293708366
73.78150698019148,-2.6596482125557173,-20.37422902441671,-0.1423058976850245,1.1309531633259007,1.3950534321845782
73.88148192189907,-2.7212546713685324,-20.452977386796597,-0.15538569739489178,1.1683362629948328,1.3592093358706216
73.98145686360664,-2.7840674222200654,-20.530747202931327,-0.16860484716256233,1.2085605553838759,1.3095009496525156
74.08143180531421,-2.84819044892556,-20.607456971804275,-0.18199250702526906,1.2491507054087687,1.2639756686595287
74.1814067470218,-2.9136906492435637,-20.68297813756513,-0.1955502180283326,1.2922434701597991,1.2118210403918197
74.28138168872937,-2.980660400159858,-20.757210503915246,-0.20931010139650152,1.3430799952036798,1.1620871990204065
74.38135663043694,-3.04916453580603,-20.830020630937494,-0.22326274441408944,1.3900709278520365,1.1171834381651997
74.48133157214453,-3.1192782298162984,-20.901285031415597,-0.2374685380262666,1.4435689388040855,1.067580169372258
74.5813065138521,-3.1910640174987264,-20.970864810651264,-0.25193037102698285,1.5036977085580243,1.0117574274363974
74.68128145555967,-3.264575558765315,-21.038610941664206,-0.2666825911646052,1.560667117598111,0.9591739413498354
74.78125639726726,-3.3398703979509743,-21.104376060439296,-0.2817818901390623,1.6184373154150131,0.9121027188691135
74.88123133897483,-3.4169804992557187,-21.16798809418681,-0.29720427260797305,1.6734144981240247,0.8651447403387962
74.9812062806824,-3.4959612810551723,-21.229292445257514,-0.3130640908651421,1.7347610500671238,0.8215238029355876
75.08118122238997,-3.576805380240356,-21.288082547259304,-0.3296771280506573,1.801867774101426,0.7791574321843897
75.18115616409756,-3.659548875885946,-21.344180557574262,-0.3465543774425843,1.8741823831605953,0.7392706215890094
75.28113110580513,-3.7441739555029754,-21.39737183522761,-0.36310401783801005,1.9511421329774794,0.6925699731025003
75.3811060475127,-3.8306779887346507,-21.447457338490253,-0.38254055725672625,2.0248577227495423,0.6460483351400543
75.48108098922029,-3.9190434804192487,-21.494203252945542,-0.403947800110717,2.0955035249969147,0.608773272353148
75.58105593092786,-4.009270643004638,-21.537363604750396,-0.42664717829006915,2.171151597408478,0.5755701722882116
75.68103087263543,-4.101189814088191,-21.57660546476782,-0.45248743414537834,2.25122409392366,0.5385206531696115
75.78100581434302,-4.194783309355354,-21.61165511850694,-0.47253445800410004,2.3353055294790015,0.49755558983862513
75.88098075605059,-4.289935270666256,-21.64225269131212,-0.4870840572945678,2.4229234528352808,0.45541869224577375
75.98095569775816,-4.386474365593844,-21.668184143707304,-0.5034514323104181,2.5105078416577045,0.4278823576169663
76.08093063946575,-4.484219248693607,-21.689225065897883,-0.5263303811734503,2.600879420657981,0.4005844170426539
76.18090558117332,-4.582941538908402,-21.705063560572604,-0.5740529614318532,2.665857804393164,0.36409435630133913
76.28088052288089,-4.682358143784812,-21.7152099449206,-0.6222910362096875,2.655706554139942,0.34733164078672096
76.38085546458848,-4.782264411428847,-21.71917751094278,-0.6584059832985306,2.651738595996912,0.35127767311451913
76.48083040629609,-4.882160008533675,-21.71655958369345,-0.7019396532256539,2.643447840783811,0.35009871074734006
